speciesID,parentID,t1,p1,seedPerTick,t2,p2,adultPerTick,CNDD,HNDD,Adult,Juvenile,Age
1,-1,9,0.8747533600997761,0.9852418399341731,56,0.7095111458633121,0.9938905413722879,0,0,0,0,0
2,-1,9,0.6131381458029265,0.9470989839217308,56,0.5714884796055762,0.9900584798546225,0,0,0,0,0
3,-1,9,0.5833962622122895,0.941880835,56,0.8139630679846849,0.9963310278113842,0,0,0,0,0
4,-1,9,0.3844515812372971,0.8992310503174814,56,0.8041499257660948,0.9961152517984424,0,0,0,0,0
5,-1,9,0.5883307162040244,0.9427626998626047,56,0.7173554983864255,0.9940857060662833,0,0,0,0,0
6,-1,9,0.7817870106182718,0.973018145,56,0.5376664101930747,0.9889805042751738,0,0,0,0,0
7,-1,9,0.5856117750337824,0.9422775991806245,56,0.5954618350117351,0.990785254,0,0,0,0,0
8,-1,9,0.7157303606596958,0.9635206989795979,56,0.5133083581752632,0.9881620809809566,0,0,0,0,0
9,-1,9,0.4045626046648749,0.9043400164774874,56,0.7310071869497619,0.9944204099921501,0,0,0,0,0
10,-1,9,0.38931572035292605,0.9004881320075169,56,0.4959097088479434,0.9875537919327451,0,0,0,0,0
11,-1,9,0.5795784244038054,0.9411939663998187,56,0.6927857250484104,0.9934672438654557,0,0,0,0,0
12,-1,9,0.7372445979347408,0.9666965700441215,56,0.6137423534710962,0.9913203861909189,0,0,0,0,0
13,-1,9,0.7983840547655883,0.975291975,56,0.5485110827629552,0.9893332300617769,0,0,0,0,0
14,-1,9,0.7844966063430246,0.9733922778906743,56,0.4336234284397441,0.9851897172972222,0,0,0,0,0
15,-1,9,0.7468409236746009,0.9680866565756422,56,0.39661021578969224,0.9836213046385454,0,0,0,0,0
16,-1,9,0.5815890978268456,0.941556207,56,0.4188159377170044,0.9845786503728211,0,0,0,0,0
17,-1,9,0.40214310256810154,0.9037374753581889,56,0.8037362434113025,0.9961060988446453,0,0,0,0,0
18,-1,9,0.5196651523974645,0.9298517928531709,56,0.7350561539570165,0.9945185,0,0,0,0,0
19,-1,9,0.5178944511070172,0.9294992178321786,56,0.6055744169450774,0.9910832453482255,0,0,0,0,0
20,-1,9,0.47645926659708315,0.9209267466161433,56,0.6905923003808457,0.9934109883071583,0,0,0,0,0
21,-1,9,0.41878350311624485,0.9078181066587143,56,0.9112528428519528,0.9983418249378968,0,0,0,0,0
22,-1,9,0.6342990311688674,0.9506763104154621,56,0.6933550868423838,0.9934818178968785,0,0,0,0,0
23,-1,9,0.729367962,0.9655435202347079,56,0.6383017308682299,0.9920151890535588,0,0,0,0,0
24,-1,9,0.46899536899830335,0.9193125156624831,56,0.7734880623034395,0.9954239833994989,0,0,0,0,0
25,-1,9,0.5331543843089684,0.9325032017993523,56,0.43573323,0.9852751108649526,0,0,0,0,0
26,-1,9,0.7917706890749352,0.9743910112178604,56,0.7925826230935122,0.9958575586358257,0,0,0,0,0
27,-1,9,0.5380255887418396,0.9334460335154138,56,0.43900041727380856,0.9854065511976446,0,0,0,0,0
28,-1,9,0.3644796613477344,0.8939166638550496,56,0.7449418841132247,0.9947557800517859,0,0,0,0,0
29,-1,9,0.572240653,0.9398624545133606,56,0.524985652,0.988559087,0,0,0,0,0
30,-1,9,0.6642165977459257,0.9555570828974084,56,0.6086354391888943,0.9911724824189616,0,0,0,0,0
31,-1,9,0.7508781627346203,0.968666735,56,0.548427918,0.9893305512680333,0,0,0,0,0
32,-1,9,0.7655085021129774,0.9707458835974035,56,0.5373339958218871,0.9889695823680822,0,0,0,0,0
33,-1,9,0.5595771045963057,0.9375284107780545,56,0.5093670087812371,0.9880260776466108,0,0,0,0,0
34,-1,9,0.5527847121540611,0.9362570775724596,56,0.7223113748056349,0.9942079289895404,0,0,0,0,0
35,-1,9,0.8471334617028057,0.9817358457618032,56,0.4955651576755731,0.9875415352745638,0,0,0,0,0
36,-1,9,0.6313447121257495,0.9501833021161115,56,0.5521628842406148,0.989450466,0,0,0,0,0
37,-1,9,0.629766513,0.9499190959151621,56,0.5747850719970913,0.9901601757203286,0,0,0,0,0
38,-1,9,0.49182983907905226,0.9241813669882432,56,0.45115950470800786,0.9858874163596381,0,0,0,0,0
39,-1,9,0.7608549765168742,0.9700884204413477,56,0.6373991694042394,0.9919901231825221,0,0,0,0,0
40,-1,9,0.6521931248477926,0.9536195264185169,56,0.6776750638662278,0.9930760928474189,0,0,0,0,0
41,-1,9,0.6719456060032835,0.956786198,56,0.48623790785961224,0.9872065189618726,0,0,0,0,0
42,-1,9,0.5859343973414415,0.942335264,56,0.7255696834355092,0.9942878381759399,0,0,0,0,0
43,-1,9,0.5915345224139621,0.9433317569232291,56,0.6034001217437422,0.9910195892556778,0,0,0,0,0
44,-1,9,0.47350040722394743,0.9202895362391829,56,0.8044629565213254,0.9961221747061154,0,0,0,0,0
45,-1,9,0.5272999507395078,0.9313598792608205,56,0.8368734836894888,0.996825009,0,0,0,0,0
46,-1,9,0.5893542991208038,0.9429448065138819,56,0.5596549468660107,0.9896886224915075,0,0,0,0,0
47,-1,9,0.7311856778062404,0.965810592,56,0.5499859206576585,0.9893806696214962,0,0,0,0,0
48,-1,9,0.7470671441019859,0.9681192340173819,56,0.813226367,0.9963149178222631,0,0,0,0,0
49,-1,9,0.47717770220143607,0.9210809357529921,56,0.7604162653764424,0.9951210609132841,0,0,0,0,0
50,-1,9,0.4562643760240467,0.9165057067407975,56,0.4379483726396599,0.9853643321676406,0,0,0,0,0
51,-1,9,0.52091828,0.930100666,56,0.5189395305140097,0.9883546256882095,0,0,0,0,0
52,-1,9,0.5557285481980273,0.9368097712570903,56,0.6946829462736869,0.9935157616749936,0,0,0,0,0
53,-1,9,0.6211158866618529,0.9484603540541661,56,0.5946792224451808,0.9907619861358093,0,0,0,0,0
54,-1,9,0.7213003863783556,0.9643509872520772,56,0.5887216153568298,0.9905838648113438,0,0,0,0,0
55,-1,9,0.7127202406413752,0.9630696059859545,56,0.700081642,0.9936531142732877,0,0,0,0,0
56,-1,9,0.6049552776237475,0.9456861529181293,56,0.7669938923930455,0.995274123,0,0,0,0,0
57,-1,9,0.6677205063750774,0.9561158632526146,56,0.35791654545493273,0.9818198707644513,0,0,0,0,0
58,-1,9,0.6458761084039762,0.9525887952978401,56,0.7098302595120388,0.9938985220685915,0,0,0,0,0
59,-1,9,0.6633192383224962,0.9554135565129485,56,0.48833434092478323,0.9872823652438042,0,0,0,0,0
60,-1,9,0.7471311597498229,0.9681284511600162,56,0.5054602669536471,0.9878902446607126,0,0,0,0,0
61,-1,9,0.3809495861223305,0.8983172160069582,56,0.6518213665779857,0.9923865457872723,0,0,0,0,0
62,-1,9,0.6356702768154189,0.9509044467543367,56,0.26597038962338077,0.9766279876338729,0,0,0,0,0
63,-1,9,0.7847204623594379,0.973423136,56,0.7169105115720804,0.9940746911591087,0,0,0,0,0
64,-1,9,0.6156662706554193,0.947532094,56,0.6739580461135047,0.9929785624313726,0,0,0,0,0
65,-1,9,0.4843299478371212,0.9226047848834114,56,0.5463327010733126,0.9892629306762578,0,0,0,0,0
66,-1,9,0.6425035010128635,0.9520348210455644,56,0.761893489,0.9951555489777417,0,0,0,0,0
67,-1,9,0.7550811243299407,0.9692676874465745,56,0.6392335625545359,0.9920410313195057,0,0,0,0,0
68,-1,9,0.3804824651525349,0.8981947583711136,56,0.606208591,0.9911017695555224,0,0,0,0,0
69,-1,9,0.6677357096743608,0.9561182820904338,56,0.48578141141010317,0.9871899609236702,0,0,0,0,0
70,-1,9,0.3828053100540186,0.8988023868318408,56,0.6082944628530889,0.9911625638796202,0,0,0,0,0
71,-1,9,0.6699682995707025,0.9564729557833795,56,0.6465592137509557,0.992242912,0,0,0,0,0
72,-1,9,0.47937238040670194,0.9215506783003278,56,0.6794817429135215,0.9931233085063312,0,0,0,0,0
73,-1,9,0.7106360288758578,0.9627562752198511,56,0.49203485144711523,0.9874154678847794,0,0,0,0,0
74,-1,9,0.5339398260044549,0.932655742,56,0.6217468900959636,0.9915497947181757,0,0,0,0,0
75,-1,9,0.772450277,0.9717200645457029,56,0.43425503047668196,0.9852153239122563,0,0,0,0,0
76,-1,9,0.6249351224608318,0.9491065981571498,56,0.483142688,0.9870939486313245,0,0,0,0,0
77,-1,9,0.5707482255429261,0.939589783,56,0.452968796,0.9859578797811417,0,0,0,0,0
78,-1,9,0.5345520480877124,0.9327745032313277,56,0.7367772251849591,0.9945600343351125,0,0,0,0,0
79,-1,9,0.6723927824181042,0.9568569260316897,56,0.7356847503316438,0.9945336810561959,0,0,0,0,0
80,-1,9,0.8662604941673884,0.9841743827971688,56,0.3506107772539296,0.9814583622769454,0,0,0,0,0
81,-1,9,0.5958976177843978,0.9441023358404573,56,0.5405994034672695,0.9890765851826898,0,0,0,0,0
82,-1,9,0.5391912933764833,0.933670533,56,0.7043102295750344,0.9937599726131243,0,0,0,0,0
83,-1,9,0.5813337990761014,0.9415102745352756,56,0.42675564486090944,0.9849088921979565,0,0,0,0,0
84,-1,9,0.5710653590324665,0.9396477771659658,56,0.801919398,0.9960658452652967,0,0,0,0,0
85,-1,9,0.3961870872596026,0.9022403742883897,56,0.6986164893415573,0.9936159412597084,0,0,0,0,0
86,-1,9,0.5415475917826329,0.9341230095869748,56,0.8016448012989437,0.996059754,0,0,0,0,0
87,-1,9,0.674017,0.9571134688125106,56,0.48710025748872154,0.9872377564853805,0,0,0,0,0
88,-1,9,0.6132429598788716,0.947116972,56,0.4484588193832599,0.9857817192754155,0,0,0,0,0
89,-1,9,0.6197640311704788,0.9482307630941831,56,0.6528194244931816,0.99241366,0,0,0,0,0
90,-1,9,0.5476531874389059,0.9352873681164865,56,0.5948086218315375,0.9907658354588366,0,0,0,0,0
91,-1,9,0.6549485742014151,0.9540663486299193,56,0.689428526,0.9933810692771129,0,0,0,0,0
92,-1,9,0.8026279503928063,0.9758666480561583,56,0.4542581039625585,0.986007924,0,0,0,0,0
93,-1,9,0.7150399963702498,0.9634173910470911,56,0.5513976587541184,0.9894259626233738,0,0,0,0,0
94,-1,9,0.7385178590827993,0.9668819319282949,56,0.5503112491014804,0.9893911172984408,0,0,0,0,0
95,-1,9,0.6551394074578561,0.9540972321428829,56,0.6067983571501782,0.9911189795516917,0,0,0,0,0
96,-1,9,0.7105887896561114,0.9627491640316379,56,0.7751286882939565,0.9954616471949247,0,0,0,0,0
97,-1,9,0.5933403127496537,0.9436512935678204,56,0.8156467758468765,0.9963677930079058,0,0,0,0,0
98,-1,9,0.6056372721041855,0.9458045509846091,56,0.7739730712093598,0.9954351258952518,0,0,0,0,0
99,-1,9,0.7992804978873266,0.9754135893368875,56,0.5768643879215075,0.9902240258919941,0,0,0,0,0
100,-1,9,0.550246884,0.9357785063297328,56,0.5257921944244889,0.9885861872745761,0,0,0,0,0
101,-1,9,0.7010544236800795,0.9613052270761517,56,0.6288609052878162,0.9917512594154071,0,0,0,0,0
102,-1,9,0.5678323035231375,0.9390551995725972,56,0.706966384,0.9938267731267666,0,0,0,0,0
103,-1,9,0.7717756345282024,0.9716257301050141,56,0.5028222593571418,0.9877979396733595,0,0,0,0,0
104,-1,9,0.7101606502528383,0.962684695,56,0.38275445717483314,0.982996898,0,0,0,0,0
105,-1,9,0.7337934149897141,0.9661927106718466,56,0.4674237628894029,0.9865111048728963,0,0,0,0,0
106,-1,9,0.6889146248089486,0.9594412318299312,56,0.710013311,0.9939030984101034,0,0,0,0,0
107,-1,9,0.7084657478566552,0.962429136,56,0.6045808625383791,0.991054185,0,0,0,0,0
108,-1,9,0.756733862,0.9695031865775801,56,0.43681662779220387,0.9853188033740398,0,0,0,0,0
109,-1,9,0.5774882935288962,0.9408162246334077,56,0.5976428517664495,0.990849941,0,0,0,0,0
110,-1,9,0.6774415293574152,0.9576525725298257,56,0.6102475710914221,0.9912193033736098,0,0,0,0,0
111,-1,9,0.46020599882327895,0.9173820808208221,56,0.6734855673390407,0.9929661272866949,0,0,0,0,0
112,-1,9,0.740891107,0.9672266734635239,56,0.467347375,0.9865082257469314,0,0,0,0,0
113,-1,9,0.7287723784062187,0.9654558841124108,56,0.5718877092632277,0.9900708262219733,0,0,0,0,0
114,-1,9,0.5274367181496216,0.9313867172423467,56,0.6511233766871906,0.9923675594208567,0,0,0,0,0
115,-1,9,0.46780854113786746,0.9190537368015572,56,0.5955109632422562,0.9907867141040098,0,0,0,0,0
116,-1,9,0.6521253337939965,0.9536085123224974,56,0.6952783576550976,0.993530961,0,0,0,0,0
117,-1,9,0.6936888276503832,0.9601777398132564,56,0.66420281,0.9927200612851054,0,0,0,0,0
118,-1,9,0.3979285166143532,0.9026801572449009,56,0.7914880434349906,0.995832983,0,0,0,0,0
119,-1,9,0.6157394058464716,0.9475445999606291,56,0.7195785211783262,0.9941406329842414,0,0,0,0,0
120,-1,9,0.8743599352473013,0.9851925947987621,56,0.5386573452663251,0.9890130234289956,0,0,0,0,0
121,-1,9,0.6397282777517994,0.9515770293072217,56,0.5349608001014304,0.9888914145829583,0,0,0,0,0
122,-1,9,0.7327253939244289,0.9660363569013533,56,0.6971432309607256,0.9935784853151118,0,0,0,0,0
123,-1,9,0.5319700682808012,0.9322728181810146,56,0.6241962766270268,0.9916194142976985,0,0,0,0,0
124,-1,9,0.7532494070332764,0.9690061494700055,56,0.598984845,0.9908896285412533,0,0,0,0,0
125,-1,9,0.5310659904640629,0.9320966419190527,56,0.5970195756233663,0.9908314792848882,0,0,0,0,0
126,-1,9,0.7756676653329805,0.9721689432951064,56,0.836136106,0.9968093176322315,0,0,0,0,0
127,-1,9,0.6697761070558599,0.9564424650564348,56,0.8502766398116154,0.9971078773420415,0,0,0,0,0
128,-1,9,0.5840084508304968,0.941990602,56,0.5865900984612888,0.9905197061425075,0,0,0,0,0
129,-1,9,0.5926169530050235,0.9435233981621712,56,0.8456901492843086,0.9970115771043201,0,0,0,0,0
130,-1,9,0.6726912308128628,0.9569041068035342,56,0.5649442523165233,0.9898548799365998,0,0,0,0,0
131,-1,9,0.6007428534283444,0.9449522118103939,56,0.5206787151125548,0.9884136784120959,0,0,0,0,0
132,-1,9,0.7091493648708972,0.9625322774995485,56,0.7554197922322221,0.9950039209130275,0,0,0,0,0
133,-1,9,0.5295854260933351,0.9318075499867849,56,0.683694291,0.9932329218459919,0,0,0,0,0
134,-1,9,0.48855128563554634,0.923494817,56,0.4837461473975271,0.9871159513927011,0,0,0,0,0
135,-1,9,0.6834567191116698,0.9585936714550485,56,0.734491172,0.9945048449310109,0,0,0,0,0
136,-1,9,0.6401649283801015,0.9516491746450444,56,0.5468119433284102,0.9892784200765647,0,0,0,0,0
137,-1,9,0.534898572,0.9328416695661432,56,0.5186530865996578,0.988344881,0,0,0,0,0
138,-1,9,0.6447681670297156,0.9524070923974618,56,0.7083912628406415,0.9938625063560595,0,0,0,0,0
139,-1,9,0.31943600149687795,0.8809100000594555,56,0.5317646257186182,0.9887855997726547,0,0,0,0,0
140,-1,9,0.6677704014363023,0.956123801,56,0.6716249870248583,0.9929170753235259,0,0,0,0,0
141,-1,9,0.7087373326940893,0.9624701221686992,56,0.7935414842866562,0.9958790598264831,0,0,0,0,0
142,-1,9,0.8179599269875474,0.9779205187719905,56,0.5221203478577192,0.9884624813222023,0,0,0,0,0
143,-1,9,0.7179743851152355,0.96385589,56,0.6486764194564422,0.9923008402938994,0,0,0,0,0
144,-1,9,0.7458965143769954,0.9679505597241712,56,0.5785372734209826,0.9902752318138832,0,0,0,0,0
145,-1,9,0.5386284479738059,0.9335621900131793,56,0.6653423418375219,0.9927504490657585,0,0,0,0,0
146,-1,9,0.7101659157309375,0.9626854876919901,56,0.559147611,0.9896725944874409,0,0,0,0,0
147,-1,9,0.48465770211140013,0.9226741353918941,56,0.7465810484144304,0.9947948245359728,0,0,0,0,0
148,-1,9,0.7535169317421279,0.969044383,56,0.6908298266072863,0.993417089,0,0,0,0,0
149,-1,9,0.7268745493642761,0.9651762061194803,56,0.43832646979348094,0.9853795168336666,0,0,0,0,0
150,-1,9,0.6513042098666602,0.9534750224215218,56,0.6197389611925913,0.9914925215918674,0,0,0,0,0
151,-1,9,0.7788010271851062,0.9726045109898014,56,0.5265564283253737,0.9886118279155071,0,0,0,0,0
152,-1,9,0.6304121206897233,0.9500272480635067,56,0.6820947129006532,0.9931913780670704,0,0,0,0,0
153,-1,9,0.6064021484299398,0.9459371968964491,56,0.41866576086259183,0.9845723448852334,0,0,0,0,0
154,-1,9,0.5356063668683128,0.9329787408351846,56,0.47583805163167003,0.9868254522263085,0,0,0,0,0
155,-1,9,0.774377644,0.971989163,56,0.6432454974892619,0.9921518724328897,0,0,0,0,0
156,-1,9,0.7148911507139358,0.963395106,56,0.48865549923622326,0.987293956,0,0,0,0,0
157,-1,9,0.6193903492582348,0.9481672206891218,56,0.563309009,0.9898036435590878,0,0,0,0,0
158,-1,9,0.4650338799890249,0.918446458,56,0.5139485185392593,0.9881840739957369,0,0,0,0,0
159,-1,9,0.6874005758793664,0.9592067144892924,56,0.5518280415569539,0.9894397480070305,0,0,0,0,0
160,-1,9,0.3434963928143704,0.8880466858801666,56,0.585137965,0.9904758656494783,0,0,0,0,0
161,-1,9,0.5615443755017286,0.9378940632741456,56,0.8329322608064325,0.9967409835946994,0,0,0,0,0
162,-1,9,0.6749774652083114,0.9572649145050477,56,0.578116437,0.9902623639923889,0,0,0,0,0
163,-1,9,0.4902926223551457,0.9238599720891919,56,0.6316856354928858,0.991830634,0,0,0,0,0
164,-1,9,0.7974853439464841,0.97516993,56,0.5516970826852309,0.9894355544446973,0,0,0,0,0
165,-1,9,0.4243230591389322,0.9091445911098964,56,0.2354744435397385,0.9745064329483668,0,0,0,0,0
166,-1,9,0.4886044498457841,0.9235059823728026,56,0.6500679826326606,0.992338813,0,0,0,0,0
167,-1,9,0.5902497255307518,0.9431038823178057,56,0.5043214204038922,0.9878504541216167,0,0,0,0,0
168,-1,9,0.6149179236506658,0.9474040547619275,56,0.5040528989580706,0.9878410593047736,0,0,0,0,0
169,-1,9,0.7715915714077896,0.9715999800445708,56,0.7558597595589096,0.9950142662502139,0,0,0,0,0
170,-1,9,0.6564692174842394,0.9543122202994013,56,0.43973395869346077,0.9854359297920725,0,0,0,0,0
171,-1,9,0.6773444589695236,0.9576373246985433,56,0.7291820961389689,0.994376021,0,0,0,0,0
172,-1,9,0.5388709016007686,0.9336088724238072,56,0.6819727746302444,0.9931882071974122,0,0,0,0,0
173,-1,9,0.4550854453362158,0.9162422777062366,56,0.7466641686532803,0.9947968021956928,0,0,0,0,0
174,-1,9,0.724734763,0.9648600919431234,56,0.7312041315369412,0.994425194,0,0,0,0,0
175,-1,9,0.7268739764444175,0.9651761215918561,56,0.46845005147010166,0.9865497419999728,0,0,0,0,0
176,-1,9,0.4851157555492851,0.9227709864815207,56,0.6719415475603613,0.9929254304759519,0,0,0,0,0
177,-1,9,0.6537001574608937,0.953864113,56,0.6358676004811391,0.9919475086882934,0,0,0,0,0
178,-1,9,0.5439514703728323,0.9345828236079264,56,0.5636092361202767,0.9898130613921354,0,0,0,0,0
179,-1,9,0.658282537,0.9546047536379018,56,0.6187556198128238,0.9914644067561879,0,0,0,0,0
180,-1,9,0.8413917922628886,0.9809942788268801,56,0.7142862832581814,0.9940095958768613,0,0,0,0,0
181,-1,9,0.7985125348078366,0.9753094120730217,56,0.42195501826689097,0.9847099453510176,0,0,0,0,0
182,-1,9,0.5743687072724483,0.940250166,56,0.8019665493246138,0.9960668910663831,0,0,0,0,0
183,-1,9,0.5929323844596366,0.943579186,56,0.6112306927701626,0.9912477964659206,0,0,0,0,0
184,-1,9,0.5993805953073995,0.9447138831730442,56,0.4585060108444397,0.9861718234919337,0,0,0,0,0
185,-1,9,0.8495009811184375,0.9820403231351591,56,0.5517207938826727,0.9894363137966583,0,0,0,0,0
186,-1,9,0.4574637343664454,0.9167730801566326,56,0.7703669205268541,0.995352114,0,0,0,0,0
187,-1,9,0.6471526466734263,0.9527978049741316,56,0.7382233949450021,0.994594861,0,0,0,0,0
188,-1,9,0.3348693554507174,0.8855403983055395,56,0.8205112365054672,0.9964735953882121,0,0,0,0,0
189,-1,9,0.25568946206552107,0.8593900366644857,56,0.6688854953873801,0.9928446084593716,0,0,0,0,0
190,-1,9,0.5583653813210114,0.9373026212578688,56,0.6634370081350704,0.9926996109532967,0,0,0,0,0
191,-1,9,0.6683988068929191,0.9562237329478804,56,0.6420455067138116,0.9921187906086252,0,0,0,0,0
192,-1,9,0.6499568729703517,0.9532556617530548,56,0.5838345003502468,0.9904364224311608,0,0,0,0,0
193,-1,9,0.5950457345574978,0.9439522771753321,56,0.4890605397242714,0.9873085636370718,0,0,0,0,0
194,-1,9,0.6513253306037735,0.9534784578881766,56,0.5259226696610441,0.9885905674101411,0,0,0,0,0
195,-1,9,0.43631174504475273,0.9119634518873607,56,0.7024209208628043,0.9937123070051522,0,0,0,0,0
196,-1,9,0.673091252,0.9569673157925053,56,0.40144747623640725,0.983834259,0,0,0,0,0
197,-1,9,0.7961692365879588,0.9749909829060425,56,0.7823930109570174,0.9956274786234494,0,0,0,0,0
198,-1,9,0.748594607,0.9683389709006778,56,0.636978959,0.9919784412420538,0,0,0,0,0
199,-1,9,0.7582804806193402,0.969723151,56,0.8286237532621419,0.9966486803391046,0,0,0,0,0
200,-1,9,0.4409349092121753,0.9130321151265017,56,0.6089413171199947,0.9911813753506793,0,0,0,0,0
201,-1,9,0.6595326309930672,0.9548060079377698,56,0.5036577374059583,0.9878272247603153,0,0,0,0,0
202,-1,9,0.6176863990394269,0.9478770413469697,56,0.6172389036026968,0.9914209559759138,0,0,0,0,0
203,-1,9,0.6382724591104708,0.9513361758814569,56,0.6971118649675311,0.9935776870249511,0,0,0,0,0
204,-1,9,0.5699997375445381,0.9394527926217409,56,0.7070299703679099,0.9938283692510761,0,0,0,0,0
205,-1,9,0.3256933749133372,0.882810842,56,0.7501765172321291,0.9948801736496333,0,0,0,0,0
206,-1,9,0.8313247264677489,0.979683138,56,0.654598676,0.9924618954535858,0,0,0,0,0
207,-1,9,0.7437535990373373,0.9676411796878668,56,0.8483647366172469,0.9970677962292468,0,0,0,0,0
208,-1,9,0.6868830985418327,0.9591264549810237,56,0.606393453,0.9911071658113086,0,0,0,0,0
209,-1,9,0.7108839153861822,0.9627935840988113,56,0.2837505469055422,0.977757177,0,0,0,0,0
210,-1,9,0.41933870540776624,0.9079517545952339,56,0.35411825449369233,0.9816328354792592,0,0,0,0,0
211,-1,9,0.7263494067564253,0.9650987026074712,56,0.7151096059405975,0.9940300440546348,0,0,0,0,0
212,-1,9,0.8307460253841833,0.9796073393003772,56,0.6873460853564125,0.9933274085805278,0,0,0,0,0
213,-1,9,0.5957822434703499,0.9440820238997669,56,0.7634217966363868,0.9951911606163016,0,0,0,0,0
214,-1,9,0.7343588228925518,0.9662754021263851,56,0.7570457803100651,0.9950421247624426,0,0,0,0,0
215,-1,9,0.7235179005236878,0.9646799526276414,56,0.48334216966543386,0.9871012249377137,0,0,0,0,0
216,-1,9,0.734850158,0.9663472144350704,56,0.526176549,0.9885990872311343,0,0,0,0,0
217,-1,9,0.6183350376447859,0.9479875869935339,56,0.3794758928377364,0.982845904,0,0,0,0,0
218,-1,9,0.6355695795927077,0.9508877084856442,56,0.744447217,0.9947439806278167,0,0,0,0,0
219,-1,9,0.7080711097311259,0.962369554,56,0.8346699535268889,0.9967780783953505,0,0,0,0,0
220,-1,9,0.5024213702602593,0.9263718400382389,56,0.5257432014005657,0.9885845422723301,0,0,0,0,0
221,-1,9,0.6412954659404507,0.9518357639960731,56,0.49784857459684767,0.9876226072931152,0,0,0,0,0
222,-1,9,0.5477508184793195,0.9353058927851875,56,0.3412370977348855,0.9809835358978971,0,0,0,0,0
223,-1,9,0.5455559559039226,0.9348887255759744,56,0.4514684389476434,0.9858994675302101,0,0,0,0,0
224,-1,9,0.6355913612817662,0.9508913293191963,56,0.4181596499492341,0.9845510783956853,0,0,0,0,0
225,-1,9,0.552627062,0.9362274056265204,56,0.655771596,0.9924936230757282,0,0,0,0,0
226,-1,9,0.7642754570043813,0.9705720222240942,56,0.4731917310019677,0.9867271814397389,0,0,0,0,0
227,-1,9,0.7748888520480192,0.9720604380383747,56,0.737680797,0.9945818018052538,0,0,0,0,0
228,-1,9,0.8191272541099617,0.9780754882947531,56,0.5141031996544787,0.9881893841033256,0,0,0,0,0
229,-1,9,0.5939477244831052,0.9437585814903591,56,0.7060921985425574,0.9938048151927287,0,0,0,0,0
230,-1,9,0.523982192,0.9307069296771704,56,0.4971507691560097,0.987597871,0,0,0,0,0
231,-1,9,0.456022383,0.9164516834314507,56,0.663365389,0.9926976972209065,0,0,0,0,0
232,-1,9,0.6135555141264462,0.947170595,56,0.5358039933683254,0.9889192264291277,0,0,0,0,0
233,-1,9,0.7916785902210007,0.9743784170923174,56,0.6700782554780811,0.9928761959083475,0,0,0,0,0
234,-1,9,0.49419994853624194,0.9246751542637052,56,0.6581670147742452,0.9925582465989771,0,0,0,0,0
235,-1,9,0.5001656757952636,0.9259087950526018,56,0.5116990399263261,0.9881066728794291,0,0,0,0,0
236,-1,9,0.5628728455327614,0.9381403396542976,56,0.7708047573992902,0.9953622134277041,0,0,0,0,0
237,-1,9,0.7631551018058481,0.9704138339831437,56,0.5552141354529253,0.9895478394281543,0,0,0,0,0
238,-1,9,0.5606360943315231,0.9377253847019585,56,0.530043055,0.9887283450905432,0,0,0,0,0
239,-1,9,0.615692709,0.9475366151826796,56,0.582255353,0.9903885209470809,0,0,0,0,0
240,-1,9,0.6354131547479829,0.9508617022876464,56,0.6968502325987532,0.9935710268926543,0,0,0,0,0
241,-1,9,0.6767566360955647,0.9575449478753122,56,0.45485306442925927,0.9860309700023931,0,0,0,0,0
242,-1,9,0.4426255364590555,0.9134204246160404,56,0.7709367670418588,0.9953652572400137,0,0,0,0,0
243,-1,9,0.531511034,0.9321834002559172,56,0.4165336133786524,0.9844825817880588,0,0,0,0,0
244,-1,9,0.8158067590186817,0.9776341566472233,56,0.4446799796404959,0.9856327721841385,0,0,0,0,0
245,-1,9,0.7321561503438947,0.9659529392683726,56,0.5908045147330565,0.9906463400736659,0,0,0,0,0
246,-1,9,0.4816262983634894,0.922031115,56,0.7710635143413389,0.9953681792341955,0,0,0,0,0
247,-1,9,0.4988210405236749,0.9256318868668739,56,0.43010458405145424,0.9850463811575998,0,0,0,0,0
248,-1,9,0.7627713718395925,0.9703596058757572,56,0.691242455,0.993427681,0,0,0,0,0
249,-1,9,0.6367606228166002,0.9510855373717264,56,0.703198787,0.9937319471128925,0,0,0,0,0
250,-1,9,0.6650575272136784,0.9556914273468462,56,0.46033859421026385,0.9862420712182884,0,0,0,0,0
251,-1,9,0.5501531681330635,0.9357607963056646,56,0.7999968109332491,0.9960231512327075,0,0,0,0,0
252,-1,9,0.8250575143431015,0.978859746,56,0.5595889575187392,0.9896865385324404,0,0,0,0,0
253,-1,9,0.7308429168374159,0.9657602763375577,56,0.7947735450141713,0.9959066497274287,0,0,0,0,0
254,-1,9,0.4679820781692802,0.9190916116428476,56,0.7052397528406662,0.9937833776014976,0,0,0,0,0
255,-1,9,0.7729092278058831,0.9717841972945795,56,0.4653850308867602,0.9864341040799623,0,0,0,0,0
256,-1,9,0.6448889189492104,0.952426909,56,0.7120127995943754,0.9939530108160732,0,0,0,0,0
257,-1,9,0.4778867360586024,0.9212329049201735,56,0.5437968925627202,0.9891807490420073,0,0,0,0,0
258,-1,9,0.5154392419092835,0.9290085691972092,56,0.5302305156751161,0.9887345883795506,0,0,0,0,0
259,-1,9,0.48676519795660134,0.9231190734932037,56,0.7399984107098198,0.9946375147249427,0,0,0,0,0
260,-1,9,0.6533724977941072,0.953810978,56,0.7465114514927552,0.9947931684669198,0,0,0,0,0
261,-1,9,0.3974673639206208,0.9025638638988669,56,0.6099631804092368,0.9912110526804573,0,0,0,0,0
262,-1,9,0.818081512,0.9779366690744543,56,0.6376531681681742,0.9919971807405683,0,0,0,0,0
263,-1,9,0.6154720557271942,0.9474988780460256,56,0.730851086,0.9944166176264871,0,0,0,0,0
264,-1,9,0.5985941213781755,0.9445760693293475,56,0.6163195636755668,0.991394568,0,0,0,0,0
265,-1,9,0.6729905612261432,0.9569514083255023,56,0.7564291891110128,0.9950276469689139,0,0,0,0,0
266,-1,9,0.41556294644931513,0.9070397354628877,56,0.724133137,0.9942526507784519,0,0,0,0,0
267,-1,9,0.7932655182171794,0.9745952408532681,56,0.6108773776667188,0.9912375617789442,0,0,0,0,0
268,-1,9,0.6985566177011034,0.9609240607933072,56,0.6835162483929438,0.993228303,0,0,0,0,0
269,-1,9,0.7444897670166845,0.9677475520250759,56,0.7327124356400561,0.9944617862356628,0,0,0,0,0
270,-1,9,0.39055764857317915,0.9008068562511312,56,0.5728094670504431,0.9900992997167503,0,0,0,0,0
271,-1,9,0.7692405737947147,0.9712705990374015,56,0.5650725031928833,0.9898588922037074,0,0,0,0,0
272,-1,9,0.7462398413734261,0.9680000535715014,56,0.7161199355804827,0.9940551051949761,0,0,0,0,0
273,-1,9,0.47650816541570284,0.9209372477297565,56,0.7902827254744884,0.9958058821750679,0,0,0,0,0
274,-1,9,0.5119979216729603,0.9283173480265061,56,0.3214430186953034,0.9799372929085207,0,0,0,0,0
275,-1,9,0.719806933,0.9641289284302094,56,0.5199643968341251,0.9883894477428353,0,0,0,0,0
276,-1,9,0.5215945097270742,0.9302347452182349,56,0.6816265167922392,0.9931792001093454,0,0,0,0,0
277,-1,9,0.5009926841679793,0.9260787769936953,56,0.45965643648528176,0.9862159544676337,0,0,0,0,0
278,-1,9,0.6781077384582268,0.957757168,56,0.2875895213753701,0.9779918444314707,0,0,0,0,0
279,-1,9,0.6420518915401601,0.9519604449152823,56,0.7664219659821236,0.9952608654561004,0,0,0,0,0
280,-1,9,0.6219015371263243,0.9485935801745594,56,0.6170254657930101,0.9914148330093216,0,0,0,0,0
281,-1,9,0.5812846138485179,0.9415014232161878,56,0.8756804199260002,0.9976321992437381,0,0,0,0,0
282,-1,9,0.6758451756276287,0.9574015700209453,56,0.7309201876330419,0.9944182964954189,0,0,0,0,0
283,-1,9,0.6685791238209742,0.9562523922609659,56,0.5493794047625891,0.9893611756059925,0,0,0,0,0
284,-1,9,0.561049956,0.9378022737614278,56,0.6021870508788852,0.9909839766209982,0,0,0,0,0
285,-1,9,0.6973036944969845,0.9607324076921655,56,0.6823825096050671,0.9931988596945072,0,0,0,0,0
286,-1,9,0.5333961447790235,0.9325501752667698,56,0.5766840460153446,0.9902184970390213,0,0,0,0,0
287,-1,9,0.6551780609494731,0.9541034866594229,56,0.6800567478471736,0.9931383097930847,0,0,0,0,0
288,-1,9,0.6224763712750795,0.9486909625260411,56,0.6584493679320879,0.992565849,0,0,0,0,0
289,-1,9,0.8365056683381586,0.9803596588549098,56,0.8217309714059526,0.9965000281075352,0,0,0,0,0
290,-1,9,0.5873363453818945,0.9425855204777037,56,0.642290145,0.9921255398184454,0,0,0,0,0
291,-1,9,0.46720671585880647,0.9189222902731012,56,0.644191583,0.9921779117983532,0,0,0,0,0
292,-1,9,0.6522326257242732,0.9536259437053509,56,0.8408680763486504,0.9969097757358368,0,0,0,0,0
293,-1,9,0.5179591697919548,0.929512123,56,0.6277582245608081,0.9917201791905124,0,0,0,0,0
294,-1,9,0.6383416762042765,0.9513476383412851,56,0.5040231037267227,0.9878400165497315,0,0,0,0,0
295,-1,9,0.6312915409133375,0.9501744102859866,56,0.7130504129599199,0.9939788581035982,0,0,0,0,0
296,-1,9,0.7631132634523147,0.9704079226310828,56,0.41928201301723866,0.9845982053831539,0,0,0,0,0
297,-1,9,0.7297371506721241,0.9655978119032378,56,0.4828028206089436,0.987081545,0,0,0,0,0
298,-1,9,0.4621303815062108,0.917807524,56,0.3255527170426128,0.9801596258867514,0,0,0,0,0
299,-1,9,0.760650497,0.9700594491047614,56,0.5586627498232499,0.9896572631806279,0,0,0,0,0
300,-1,9,0.6121728321338644,0.946933191,56,0.6115855867775469,0.9912580710421985,0,0,0,0,0
301,-1,9,0.7504456502411484,0.9686047238220296,56,0.8202301509250172,0.9964674985471529,0,0,0,0,0
302,-1,9,0.6467436989370202,0.9527308872257351,56,0.6342672270308247,0.9919028719316082,0,0,0,0,0
303,-1,9,0.5723694801571841,0.9398859621134109,56,0.5216676490170976,0.9884471705919204,0,0,0,0,0
304,-1,9,0.5366838696533547,0.9331871006296885,56,0.28287395079105293,0.977703156,0,0,0,0,0
305,-1,9,0.473329687,0.9202526625177526,56,0.5149893301890509,0.9882197742092739,0,0,0,0,0
306,-1,9,0.5566871375517997,0.9369891810255873,56,0.7887334398243441,0.9957709879057799,0,0,0,0,0
307,-1,9,0.8689273393680272,0.9845105732408993,56,0.4458805137627531,0.9856802268483574,0,0,0,0,0
308,-1,9,0.7167288205440188,0.9636699545698008,56,0.7273349359306435,0.994330983,0,0,0,0,0
309,-1,9,0.4908005034098214,0.9239662567121624,56,0.7290729768659041,0.9943733633187172,0,0,0,0,0
310,-1,9,0.5262218724858344,0.9311481101884603,56,0.7653156177218399,0.9952351922055669,0,0,0,0,0
311,-1,9,0.4939766368605562,0.9246287195632273,56,0.8023452614341674,0.9960752886188009,0,0,0,0,0
312,-1,9,0.6415248271733149,0.9518735831954164,56,0.7731053600775879,0.9954151864319862,0,0,0,0,0
313,-1,9,0.733956435,0.9662165583270892,56,0.6806816329640789,0.9931545982836991,0,0,0,0,0
314,-1,9,0.2831397673243231,0.8691829686384351,56,0.5886595342703066,0.9905819993981646,0,0,0,0,0
315,-1,9,0.7857219491805861,0.973561093,56,0.7212939075729597,0.9941829033165008,0,0,0,0,0
316,-1,9,0.6719867980622599,0.9567927153436792,56,0.43175636883679064,0.985113808,0,0,0,0,0
317,-1,9,0.44171545254986366,0.9132115573509019,56,0.7117989508832179,0.9939476791772083,0,0,0,0,0
318,-1,9,0.9462309447590544,0.99387786,56,0.5285992380406875,0.988680187,0,0,0,0,0
319,-1,9,0.7211214497154823,0.964324403,56,0.4302409107791045,0.985051956,0,0,0,0,0
320,-1,9,0.38901239106178814,0.9004101492964007,56,0.4569917513155876,0.9861135695718847,0,0,0,0,0
321,-1,9,0.5936407777671332,0.943704377,56,0.534971027,0.9888917521625711,0,0,0,0,0
322,-1,9,0.557791542,0.9371955414463334,56,0.5940848175565828,0.990744293,0,0,0,0,0
323,-1,9,0.3719936228887142,0.8959457664066564,56,0.8102043190437577,0.9962486821001852,0,0,0,0,0
324,-1,9,0.6894731446492978,0.9595276276309374,56,0.4764270497646448,0.9868472515596657,0,0,0,0,0
325,-1,9,0.7960220600050618,0.9749709553896477,56,0.7153556146656901,0.994036149,0,0,0,0,0
326,-1,9,0.5238790552345808,0.930686573,56,0.5847498434873609,0.9904641300114948,0,0,0,0,0
327,-1,9,0.4153524866394459,0.9069886833248916,56,0.47297057625071565,0.9867189444620992,0,0,0,0,0
328,-1,9,0.6833276272037491,0.9585735519862244,56,0.5202885146015078,0.9884004463172605,0,0,0,0,0
329,-1,9,0.6709708466287412,0.956631881,56,0.7488647454586365,0.9948490814989752,0,0,0,0,0
330,-1,9,0.8687834713982328,0.98449246,56,0.39500056556663626,0.9835498756437847,0,0,0,0,0
331,-1,9,0.6428658602791558,0.9520944648534322,56,0.5787848929410063,0.9902827989258071,0,0,0,0,0
332,-1,9,0.6028875599655561,0.9453264589597693,56,0.6640620701036034,0.992716305,0,0,0,0,0
333,-1,9,0.5380192675306912,0.9334448149570387,56,0.7933219454993153,0.995874139,0,0,0,0,0
334,-1,9,0.5903665780105692,0.9431246257661143,56,0.7016405167562886,0.993692581,0,0,0,0,0
335,-1,9,0.6636816656153117,0.9554715449965344,56,0.48847141294909546,0.9872873131910085,0,0,0,0,0
336,-1,9,0.555384136,0.9367452438855098,56,0.7217727999541231,0.9941946864926232,0,0,0,0,0
337,-1,9,0.582958609,0.9418022998971783,56,0.5671370561587805,0.9899233579615108,0,0,0,0,0
338,-1,9,0.5984165140607371,0.944544925,56,0.7845673497770346,0.9956768208897098,0,0,0,0,0
339,-1,9,0.7021368406441924,0.9614700295847557,56,0.7202260771081916,0.9941566015914809,0,0,0,0,0
340,-1,9,0.6860344364391853,0.9589947130756035,56,0.45636487662220426,0.9860893980496026,0,0,0,0,0
341,-1,9,0.679567548,0.9579860417096369,56,0.6758917352496671,0.9930293660286469,0,0,0,0,0
342,-1,9,0.7400332046286537,0.9671021666999485,56,0.49932736882164497,0.9876749168165906,0,0,0,0,0
343,-1,9,0.8832608111688999,0.9863019338727199,56,0.6170406344111332,0.9914152682255408,0,0,0,0,0
344,-1,9,0.5805607629892924,0.9413710827650208,56,0.5801911268615254,0.9903257124267691,0,0,0,0,0
345,-1,9,0.48160718823267973,0.9220270497729149,56,0.6368548966646567,0.9919749908252833,0,0,0,0,0
346,-1,9,0.57922912,0.9411309221955381,56,0.5379199677150335,0.9889888307800508,0,0,0,0,0
347,-1,9,0.4387143141980634,0.9125200649862408,56,0.611950752,0.9912686368744213,0,0,0,0,0
348,-1,9,0.8089872364723745,0.9767227345622496,56,0.7141400188932833,0.9940059608096575,0,0,0,0,0
349,-1,9,0.49887661087889096,0.9256433439141332,56,0.5875852151224746,0.9905496876052675,0,0,0,0,0
350,-1,9,0.6244227226987937,0.9490201004125247,56,0.46029927655746045,0.9862405669548152,0,0,0,0,0
351,-1,9,0.41128538582685575,0.905997566,56,0.644513855,0.9921867731858163,0,0,0,0,0
352,-1,9,0.45774908379906853,0.916836601,56,0.6188924221557359,0.9914683207157255,0,0,0,0,0
353,-1,9,0.35716500821137614,0.8919053461317259,56,0.8051617122216547,0.9961376186677865,0,0,0,0,0
354,-1,9,0.8084986409270647,0.9766571724064752,56,0.4089969481684652,0.9841616318190959,0,0,0,0,0
355,-1,9,0.6844258132126244,0.9587446007175497,56,0.6678950200274189,0.9928183359743551,0,0,0,0,0
356,-1,9,0.4799578573381428,0.9216756690485794,56,0.6595938009067152,0.992596629,0,0,0,0,0
357,-1,9,0.6339016823354614,0.9506101209303788,56,0.7382415278694484,0.9945952969188441,0,0,0,0,0
358,-1,9,0.6696923940392104,0.9564291818228986,56,0.8163526913612213,0.9963831851032601,0,0,0,0,0
359,-1,9,0.6894124217242482,0.9595182375939428,56,0.5167468011254054,0.9882798955491782,0,0,0,0,0
360,-1,9,0.7392013207272001,0.966981313,56,0.731481899,0.9944319379459832,0,0,0,0,0
361,-1,9,0.65844711,0.9546312678705912,56,0.6401132300838392,0.9920653930021514,0,0,0,0,0
362,-1,9,0.48083457565835463,0.9218625823767614,56,0.5660876769171148,0.9898906199039799,0,0,0,0,0
363,-1,9,0.7121476040971415,0.9629835996852902,56,0.5586386823639132,0.9896565018268462,0,0,0,0,0
364,-1,9,0.6773734357501076,0.9576418765789998,56,0.7163371662714697,0.9940604890476464,0,0,0,0,0
365,-1,9,0.7759829616340647,0.9722128432400259,56,0.6643050105317925,0.9927227887514825,0,0,0,0,0
366,-1,9,0.6174078203489181,0.9478295322891875,56,0.6283419213517509,0.9917366379763229,0,0,0,0,0
367,-1,9,0.6914209976233155,0.9598284492972273,56,0.793434519,0.9958766625394829,0,0,0,0,0
368,-1,9,0.8478505029993909,0.9818281413940629,56,0.6876800154690713,0.9933360240891524,0,0,0,0,0
369,-1,9,0.5119630195635851,0.9283103164842285,56,0.6834483460099885,0.9932265404507722,0,0,0,0,0
370,-1,9,0.43078433303973973,0.9106724768542267,56,0.608491519,0.9911682966281747,0,0,0,0,0
371,-1,9,0.7588862358205505,0.9698091947225431,56,0.6283297735910425,0.9917362955929653,0,0,0,0,0
372,-1,9,0.6732050721949233,0.9569852948003132,56,0.5919695237728839,0.9906811895213254,0,0,0,0,0
373,-1,9,0.7070640912073626,0.9622173820435242,56,0.5647191946816034,0.9898478369537288,0,0,0,0,0
374,-1,9,0.5257021975788365,0.9310458916179595,56,0.6183161181963611,0.9914518267182442,0,0,0,0,0
375,-1,9,0.741741013,0.967349893,56,0.5064715954880903,0.9879255060606916,0,0,0,0,0
376,-1,9,0.6246896962326798,0.9490651758449109,56,0.6996746563584567,0.9936427961315297,0,0,0,0,0
377,-1,9,0.5714714140968614,0.9397219909352134,56,0.7115286358422891,0.9939409374780349,0,0,0,0,0
378,-1,9,0.7783652343474472,0.9725440249187655,56,0.26940397645054615,0.9768517140622713,0,0,0,0,0
379,-1,9,0.5655930992066298,0.9386430217466912,56,0.48022912839726617,0.9869873361059045,0,0,0,0,0
380,-1,9,0.4532992623749837,0.9158420016434324,56,0.7191138464973891,0.9941291654941504,0,0,0,0,0
381,-1,9,0.439442318,0.9126881897495025,56,0.7604890498583581,0.9951227617196602,0,0,0,0,0
382,-1,9,0.7287091872186885,0.9654465822208005,56,0.7422345461914286,0.9946911067886232,0,0,0,0,0
383,-1,9,0.5275242530608822,0.9314038910436545,56,0.5473424180246029,0.9892955498009445,0,0,0,0,0
384,-1,9,0.5191407577920154,0.9297474889164316,56,0.35812328574747143,0.9818299950405961,0,0,0,0,0
385,-1,9,0.6444655198791909,0.9523574098642259,56,0.5588035142237566,0.9896617154986576,0,0,0,0,0
386,-1,9,0.5736421924603518,0.9401179458931792,56,0.5451053742588565,0.9892232017992756,0,0,0,0,0
387,-1,9,0.6952478950002963,0.9604172786216841,56,0.5980242243506536,0.9908612287253613,0,0,0,0,0
388,-1,9,0.46157168174208574,0.9176841686591967,56,0.5977259572162189,0.9908524016298699,0,0,0,0,0
389,-1,9,0.5432689230781744,0.9344524498439147,56,0.8492167420984866,0.9970856686075011,0,0,0,0,0
390,-1,9,0.7137380788013779,0.9632223271804137,56,0.6436719759736169,0.9921636151646229,0,0,0,0,0
391,-1,9,0.4695202331477214,0.9194267727379675,56,0.7023344711413069,0.9937101229427072,0,0,0,0,0
392,-1,9,0.6682730433605014,0.9562037402045297,56,0.47301420222401913,0.9867205696245297,0,0,0,0,0
393,-1,9,0.8083143387667922,0.9766324326870451,56,0.5952387113351156,0.9907786236883178,0,0,0,0,0
394,-1,9,0.7333640383425614,0.966129876,56,0.7374014947687345,0.994575076,0,0,0,0,0
395,-1,9,0.7674394749222679,0.9710176544024695,56,0.36259938446059353,0.9820477978548404,0,0,0,0,0
396,-1,9,0.5737137521719882,0.940130976,56,0.7074072569878277,0.993837837,0,0,0,0,0
397,-1,9,0.661854041,0.9551788370791627,56,0.6389068249297574,0.9920319741974546,0,0,0,0,0
398,-1,9,0.6214896148866523,0.9485237474213867,56,0.5725911231227008,0.990092559,0,0,0,0,0
399,-1,9,0.657345611,0.9544536938860765,56,0.7106408604344917,0.9939187785109002,0,0,0,0,0
400,-1,9,0.5478504155823225,0.9353247874737594,56,0.6744980995015382,0.9929927655867611,0,0,0,0,0
401,-1,9,0.6742567225799401,0.957151286,56,0.4821178203479284,0.9870565190091047,0,0,0,0,0
402,-1,9,0.6383536891807302,0.9513496275966074,56,0.6321614137476866,0.9918439688849666,0,0,0,0,0
403,-1,9,0.33690231296815254,0.886136129,56,0.5914687258165024,0.9906662171849434,0,0,0,0,0
404,-1,9,0.4315742523422801,0.9108578679434465,56,0.7853355223131504,0.9956942209273261,0,0,0,0,0
405,-1,9,0.6841570438075503,0.9587027609097559,56,0.70623119,0.9938083081979288,0,0,0,0,0
406,-1,9,0.4542489725163354,0.9160550018666317,56,0.6050039193540403,0.9910665648354378,0,0,0,0,0
407,-1,9,0.7825181851511869,0.9731192164668181,56,0.4891405777801908,0.9873114487570949,0,0,0,0,0
408,-1,9,0.5882162735805924,0.9427423217614783,56,0.5186193670936767,0.9883437335952192,0,0,0,0,0
409,-1,9,0.7683405058402879,0.9711442602208014,56,0.3786428494141828,0.9828073337993415,0,0,0,0,0
410,-1,9,0.7580905716421149,0.9696961632517769,56,0.7678692809841992,0.9952943960771192,0,0,0,0,0
411,-1,9,0.7391988714114851,0.9669809574146745,56,0.5093866950678061,0.9880267595221761,0,0,0,0,0
412,-1,9,0.7444834672585083,0.9677466421403987,56,0.6365332911471387,0.9919660432900682,0,0,0,0,0
413,-1,9,0.45841750806315695,0.916985261,56,0.6357102700152931,0.9919431254047019,0,0,0,0,0
414,-1,9,0.7142993919285483,0.963306466,56,0.6846960748100651,0.9932588913035738,0,0,0,0,0
415,-1,9,0.4372326277879671,0.912177118,56,0.6796365568896199,0.9931273486697637,0,0,0,0,0
416,-1,9,0.6300666744848457,0.9499693911560944,56,0.5713942031198506,0.9900555630730279,0,0,0,0,0
417,-1,9,0.42660910694882825,0.9096875181890913,56,0.4688485106642669,0.9865647205640127,0,0,0,0,0
418,-1,9,0.467393442,0.9189630898113386,56,0.7829561853697213,0.9956402716509093,0,0,0,0,0
419,-1,9,0.6817996827034093,0.9583351589717828,56,0.6933088438737051,0.9934806346479459,0,0,0,0,0
420,-1,9,0.47519992711132625,0.9206559705063386,56,0.39231154506053534,0.9834299089362447,0,0,0,0,0
421,-1,9,0.6943347538780851,0.9602770394550069,56,0.5717444734741428,0.9900663975609506,0,0,0,0,0
422,-1,9,0.5970409103884116,0.9443034266709777,56,0.4722003408676472,0.9866902272466246,0,0,0,0,0
423,-1,9,0.4395919294141419,0.9127227102443741,56,0.7748343649853219,0.9954548961912468,0,0,0,0,0
424,-1,9,0.5677811546500027,0.9390458005655707,56,0.6298492986119097,0.9917790728715845,0,0,0,0,0
425,-1,9,0.6408000956349096,0.9517540417197303,56,0.7110349845131212,0.9939286192430161,0,0,0,0,0
426,-1,9,0.4970616976256538,0.9252685719014829,56,0.2733385572108794,0.9771046666050719,0,0,0,0,0
427,-1,9,0.39965248008728943,0.9031138474636177,56,0.6823996439590991,0.9931993050252524,0,0,0,0,0
428,-1,9,0.5727003042625955,0.9399463071833373,56,0.38843850477078634,0.9832556919620656,0,0,0,0,0
429,-1,9,0.869308586,0.9845585593570139,56,0.5384947481768582,0.9890076915713067,0,0,0,0,0
430,-1,9,0.5495856825298543,0.9356534980278223,56,0.7760033971084339,0.9954816958683631,0,0,0,0,0
431,-1,9,0.5124745473556348,0.9284133286535151,56,0.637893907,0.9920038673166001,0,0,0,0,0
432,-1,9,0.6043094965534107,0.9455739322896338,56,0.5894226653474559,0.9906049165705025,0,0,0,0,0
433,-1,9,0.6956284889453133,0.9604756814672326,56,0.5582561623290319,0.989644397,0,0,0,0,0
434,-1,9,0.6926659892235041,0.960020328,56,0.6739640601191474,0.9929787206584882,0,0,0,0,0
435,-1,9,0.693323992,0.9601216165644563,56,0.5875728085914049,0.9905493141210543,0,0,0,0,0
436,-1,9,0.48701836348671956,0.923172407,56,0.5195654621906151,0.9883759010932268,0,0,0,0,0
437,-1,9,0.35499064426483196,0.8913003987648984,56,0.4097014809635319,0.9841918795246065,0,0,0,0,0
438,-1,9,0.6894277615718607,0.95952061,56,0.7139247447564596,0.9940006093316529,0,0,0,0,0
439,-1,9,0.7039272641480853,0.9617421339873132,56,0.5283078142169001,0.9886704506836529,0,0,0,0,0
440,-1,9,0.6023579085021633,0.9452341459754116,56,0.7542369950287667,0.9949760793996376,0,0,0,0,0
441,-1,9,0.2942528077302762,0.8729089719324014,56,0.77573786,0.9954756119898764,0,0,0,0,0
442,-1,9,0.6859213587467675,0.9589771485452625,56,0.6519302539166718,0.9923895058847114,0,0,0,0,0
443,-1,9,0.8203548182820628,0.9782382430200705,56,0.6974465590598329,0.9935862034435827,0,0,0,0,0
444,-1,9,0.5441307304992002,0.9346170400798577,56,0.5810791580652155,0.99035276,0,0,0,0,0
445,-1,9,0.47716646282947867,0.921078525,56,0.5173020280696738,0.9882988475742197,0,0,0,0,0
446,-1,9,0.5258844759265504,0.9310817554715113,56,0.5038394274738365,0.9878335870247783,0,0,0,0,0
447,-1,9,0.43921355070501306,0.9126353850566208,56,0.4480749768134076,0.9857666460599348,0,0,0,0,0
448,-1,9,0.6738409232509128,0.9570856843561536,56,0.6081129017192317,0.9911572802842596,0,0,0,0,0
449,-1,9,0.6693588806979403,0.9563762466544854,56,0.4795945742600497,0.9869640323622346,0,0,0,0,0
450,-1,9,0.6600847255578715,0.9548947824502616,56,0.8415348612980116,0.9969238867000404,0,0,0,0,0
451,-1,9,0.7528165678598628,0.9689442648504998,56,0.6898260504251861,0.9933912946484952,0,0,0,0,0
452,-1,9,0.5879292115790011,0.9426911908677197,56,0.7326799496809184,0.9944609988787237,0,0,0,0,0
453,-1,9,0.5854397487611493,0.9422468397676208,56,0.7273373414845355,0.9943310421977967,0,0,0,0,0
454,-1,9,0.6753623145657275,0.9573255436015378,56,0.7283873774055213,0.9943566577389709,0,0,0,0,0
455,-1,9,0.5500443510200141,0.9357402291564058,56,0.5402804336384298,0.9890661610050592,0,0,0,0,0
456,-1,9,0.6220944133691657,0.9486262641536143,56,0.5858523927522162,0.9904974478491825,0,0,0,0,0
457,-1,9,0.532542827,0.9323842931092735,56,0.6347190574720986,0.9919154853399386,0,0,0,0,0
458,-1,9,0.4945781267071192,0.9247537488769233,56,0.5770927857398297,0.9902310255887963,0,0,0,0,0
459,-1,9,0.7495648774249792,0.9684783446865655,56,0.5758678420098773,0.9901934529165436,0,0,0,0,0
460,-1,9,0.8320803275450783,0.979782036,56,0.6854396986705596,0.9932781443027633,0,0,0,0,0
461,-1,9,0.46568875555917094,0.9185900780797552,56,0.6862107073128901,0.9932980846658961,0,0,0,0,0
462,-1,9,0.5625640063935979,0.9380831321150135,56,0.45780670063413303,0.9861449443820873,0,0,0,0,0
463,-1,9,0.7666657537103472,0.9709088316602801,56,0.6329879432296969,0.9918671112108063,0,0,0,0,0
464,-1,9,0.5966567284823917,0.9442358921057189,56,0.6153123698407689,0.9913656133292572,0,0,0,0,0
465,-1,9,0.7452412382846517,0.9678560392174068,56,0.6235755845065669,0.991601798,0,0,0,0,0
466,-1,9,0.47460439484330513,0.9205277002927467,56,0.7898220453548825,0.9957955133870967,0,0,0,0,0
467,-1,9,0.5291185761993625,0.9317162448586023,56,0.4938583857950793,0.9874806968959589,0,0,0,0,0
468,-1,9,0.5605455936248213,0.9377085643437846,56,0.6376542275348347,0.9919972101701329,0,0,0,0,0
469,-1,9,0.6294380369916315,0.9498640316968003,56,0.5861529246164212,0.9905065189140145,0,0,0,0,0
470,-1,9,0.4412793768395587,0.9131113409443725,56,0.6347071656441027,0.9919151534777907,0,0,0,0,0
471,-1,9,0.49911488252934794,0.9256924559832554,56,0.756835774,0.9950371950477706,0,0,0,0,0
472,-1,9,0.7397905111558954,0.9670669214945707,56,0.5748111051550828,0.990160977,0,0,0,0,0
473,-1,9,0.1869389037825363,0.8299993332770907,56,0.5244936244263251,0.9885425351885156,0,0,0,0,0
474,-1,9,0.6840031632093314,0.9586787994677779,56,0.636987982,0.9919786921538196,0,0,0,0,0
475,-1,9,0.7205228186336369,0.9642354231736687,56,0.6809929852430467,0.9931627086284222,0,0,0,0,0
476,-1,9,0.6041897661740728,0.9455531144256568,56,0.4835345099490243,0.9871082379463634,0,0,0,0,0
477,-1,9,0.36364500755733636,0.8936889811614855,56,0.61594843,0.9913839039329352,0,0,0,0,0
478,-1,9,0.7116967386709758,0.9629158393523883,56,0.5402738652308938,0.9890659462809744,0,0,0,0,0
479,-1,9,0.5939756300447528,0.9437635081422945,56,0.5246090157145082,0.9885464184195164,0,0,0,0,0
480,-1,9,0.7318167222997721,0.9659031716375716,56,0.5297726704601435,0.9887193362711918,0,0,0,0,0
481,-1,9,0.48883430245123755,0.9235542436079385,56,0.35537386961524603,0.981694882,0,0,0,0,0
482,-1,9,0.5795215168232692,0.9411836977465495,56,0.6363386568214746,0.9919606261219821,0,0,0,0,0
483,-1,9,0.6254668206852851,0.9491962870358293,56,0.65289871,0.9924158119717704,0,0,0,0,0
484,-1,9,0.4786293830920654,0.9213918637433453,56,0.5612682481552014,0.9897394959933341,0,0,0,0,0
485,-1,9,0.7665880801556604,0.9708979015985395,56,0.46932326755093967,0.9865825509366674,0,0,0,0,0
486,-1,9,0.6198701708327803,0.9482488053074167,56,0.3232255786260491,0.9800340695239969,0,0,0,0,0
487,-1,9,0.7213247239090007,0.9643546025696649,56,0.5210756683055131,0.9884271295075531,0,0,0,0,0
488,-1,9,0.34471175255510156,0.8883952590799876,56,0.6390249368662494,0.9920352487689915,0,0,0,0,0
489,-1,9,0.5186035653094857,0.9296405422824521,56,0.6645608597537928,0.9927296148792358,0,0,0,0,0
490,-1,9,0.654773438,0.9540379984921656,56,0.8389572519507738,0.9968692765920563,0,0,0,0,0
491,-1,9,0.7026830162691299,0.9615531013993796,56,0.42768834846328213,0.9849472900312091,0,0,0,0,0
492,-1,9,0.5982977229500233,0.9445240896648053,56,0.31119862811862853,0.9793706871528939,0,0,0,0,0
493,-1,9,0.6720750401229517,0.9568066746843513,56,0.6403076013418353,0.9920707715218512,0,0,0,0,0
494,-1,9,0.700194997,0.9611742145736842,56,0.5934836380898534,0.9907263813893906,0,0,0,0,0
495,-1,9,0.5243154303817252,0.9307726781728327,56,0.6504512924898984,0.9923492588280695,0,0,0,0,0
496,-1,9,0.34857865644329256,0.8894970915986004,56,0.40640111053466355,0.9840497413671613,0,0,0,0,0
497,-1,9,0.7037094361396284,0.9617090618848486,56,0.6345747487926593,0.9919114577425481,0,0,0,0,0
498,-1,9,0.6356741691046188,0.9509050936978808,56,0.8322631438845605,0.9967266795782433,0,0,0,0,0
499,-1,9,0.5103825183627944,0.9279914539191465,56,0.8778528430798758,0.9976763413112857,0,0,0,0,0
500,-1,9,0.6612398706018725,0.9550803116638741,56,0.6580038595990803,0.9925538523405997,0,0,0,0,0
501,-1,9,0.6752987016532864,0.9573155241540042,56,0.608240747,0.9911610008545148,0,0,0,0,0
502,-1,9,0.880364926,0.985942107,56,0.5991992012455057,0.9908959596763559,0,0,0,0,0
503,-1,9,0.5506781406392885,0.9358599687835191,56,0.5607032909263128,0.9897216971110306,0,0,0,0,0
504,-1,9,0.6158934632080887,0.9475709386627501,56,0.7496972522488994,0.9948688201102558,0,0,0,0,0
505,-1,9,0.7570295056890479,0.9695452648057936,56,0.7255668989692747,0.9942877700381966,0,0,0,0,0
506,-1,9,0.5664956797445271,0.9388093369632986,56,0.48600382249300167,0.9871980301260938,0,0,0,0,0
507,-1,9,0.8426047857521403,0.9811513172985123,56,0.6278238827542854,0.9917220313370154,0,0,0,0,0
508,-1,9,0.5538929549423489,0.9364654522003104,56,0.5046423136433169,0.9878616748400558,0,0,0,0,0
509,-1,9,0.6506887520605952,0.953374869,56,0.6289015292038355,0.9917524034209959,0,0,0,0,0
510,-1,9,0.5751235196637944,0.9403873795403159,56,0.7331924694471695,0.9944734167427256,0,0,0,0,0
511,-1,9,0.7665662840720241,0.9708948343219156,56,0.7051420211212461,0.9937809181853919,0,0,0,0,0
512,-1,9,0.3599561721061578,0.8926771182178823,56,0.6095710707199846,0.9911996706642907,0,0,0,0,0
513,-1,9,0.5874372116958875,0.9426035052267663,56,0.7012454372460001,0.9936825869963636,0,0,0,0,0
514,-1,9,0.5342193454755824,0.9327099793424151,56,0.6526736299925724,0.9924097015661105,0,0,0,0,0
515,-1,9,0.6481350585406405,0.9529584074638888,56,0.8590892575976077,0.9972914879827679,0,0,0,0,0
516,-1,9,0.7861451357536016,0.9736193405685758,56,0.7178722997871776,0.9940984902043943,0,0,0,0,0
517,-1,9,0.6927226648363537,0.9600290559862988,56,0.6864690596856681,0.9933047614334009,0,0,0,0,0
518,-1,9,0.6734367623779117,0.9570218843098214,56,0.6748255981429552,0.9930013732109814,0,0,0,0,0
519,-1,9,0.8374946743782526,0.9804883785136438,56,0.8029041070927495,0.9960876733397543,0,0,0,0,0
520,-1,9,0.794392421,0.9747489768168898,56,0.672559303,0.9929417240884335,0,0,0,0,0
521,-1,9,0.5939534189886496,0.9437595868567226,56,0.800117462,0.9960258334452708,0,0,0,0,0
522,-1,9,0.6365390108775933,0.9510487531807046,56,0.5319945091959107,0.9887932312784703,0,0,0,0,0
523,-1,9,0.7519222665690911,0.9688163030379073,56,0.6316898377467575,0.9918307517238407,0,0,0,0,0
524,-1,9,0.730624061,0.9657281383258919,56,0.6734201825589781,0.9929644057531615,0,0,0,0,0
525,-1,9,0.6326029169216739,0.950393518,56,0.5078560698510773,0.9879736657491757,0,0,0,0,0
526,-1,9,0.7294243719138438,0.9655518172547246,56,0.7639296946299323,0.9952029798297913,0,0,0,0,0
527,-1,9,0.7636244033662838,0.9704801219942029,56,0.7513582148809409,0.9949081370465329,0,0,0,0,0
528,-1,9,0.6178198570554668,0.9478997946483985,56,0.5271133586402053,0.9886304903476315,0,0,0,0,0
529,-1,9,0.6710859287188369,0.9566501101565971,56,0.6179221399675935,0.9914405422480749,0,0,0,0,0
530,-1,9,0.6774721408915197,0.9576573805914632,56,0.6564993727790308,0.9925132814921028,0,0,0,0,0
531,-1,9,0.6243619590966966,0.949009839,56,0.5498811321414766,0.9893773031251295,0,0,0,0,0
532,-1,9,0.6065261755010177,0.945958692,56,0.5632195770038696,0.9898008372220904,0,0,0,0,0
533,-1,9,0.33418982541182846,0.8853405542981003,56,0.5619587239920406,0.9897612254393086,0,0,0,0,0
534,-1,9,0.8388379977973842,0.9806629965401946,56,0.8906933784981873,0.9979350805531744,0,0,0,0,0
535,-1,9,0.6746046286806485,0.9572061485964795,56,0.6225304287248623,0.9915720947080688,0,0,0,0,0
536,-1,9,0.5317512454954968,0.932230201,56,0.810901727,0.9962639890366711,0,0,0,0,0
537,-1,9,0.6885680489911268,0.9593875897209033,56,0.8306626583519384,0.9966924194012099,0,0,0,0,0
538,-1,9,0.7954530908125436,0.9748935001466021,56,0.60351678,0.9910230103296578,0,0,0,0,0
539,-1,9,0.5201683434099412,0.9299517913972207,56,0.7536477733624767,0.994962194,0,0,0,0,0
540,-1,9,0.31767441310935735,0.8803689014091323,56,0.5947830612735896,0.9907650751584087,0,0,0,0,0
541,-1,9,0.5465986368955151,0.9350870887049685,56,0.6258085803506316,0.9916650949598023,0,0,0,0,0
542,-1,9,0.5161226238125882,0.9291453444205958,56,0.6964642294029063,0.9935611962817871,0,0,0,0,0
543,-1,9,0.7972498350107539,0.9751379280354073,56,0.6887476680306779,0.9933635423386961,0,0,0,0,0
544,-1,9,0.5330740624973078,0.9324875912777819,56,0.5611159963741782,0.9897347010592573,0,0,0,0,0
545,-1,9,0.4304997536109858,0.9106056130858527,56,0.8054808582191404,0.9961446680828291,0,0,0,0,0
546,-1,9,0.34899574518073645,0.8896152865293605,56,0.7628045451037241,0.9951767862536389,0,0,0,0,0
547,-1,9,0.7275383054011295,0.9652740958032343,56,0.9446420945746652,0.9989835676475468,0,0,0,0,0
548,-1,9,0.4450557080838632,0.9139762921433428,56,0.6116457233294816,0.9912598114820588,0,0,0,0,0
549,-1,9,0.6261844825368812,0.9493172375553812,56,0.45900853669404285,0.9861911140280316,0,0,0,0,0
550,-1,9,0.7042839384669772,0.9617962670259953,56,0.4036860363284514,0.9839319578235021,0,0,0,0,0
551,-1,9,0.6584483271962136,0.9546314639591258,56,0.49793832119926773,0.987625786,0,0,0,0,0
552,-1,9,0.5523397619758524,0.9361733124200389,56,0.5762000493251328,0.9902036504558062,0,0,0,0,0
553,-1,9,0.5748066717610278,0.9403298010393966,56,0.8894500332893235,0.9979101876444786,0,0,0,0,0
554,-1,9,0.5294910450487297,0.9317890969914403,56,0.5440503344349384,0.9891889796117278,0,0,0,0,0
555,-1,9,0.36724717723382466,0.8946683044892279,56,0.43661571122172393,0.9853107086238282,0,0,0,0,0
556,-1,9,0.6744916807177996,0.9571883402180863,56,0.8080216834347379,0.9962006931120551,0,0,0,0,0
557,-1,9,0.3920472401457949,0.901187954,56,0.731513126,0.9944326960163951,0,0,0,0,0
558,-1,9,0.6833333777149133,0.9585744482973343,56,0.5546441670215284,0.9895296902030974,0,0,0,0,0
559,-1,9,0.7023372008700434,0.9615005104941691,56,0.618946957,0.9914698807342666,0,0,0,0,0
560,-1,9,0.6206219998312622,0.948376527,56,0.6702567921389658,0.9928809192801988,0,0,0,0,0
561,-1,9,0.42787067936921347,0.9099860301085121,56,0.6677249487163963,0.9928138209621475,0,0,0,0,0
562,-1,9,0.6209001061359178,0.9484237370045694,56,0.6018928461448022,0.9909753289120196,0,0,0,0,0
563,-1,9,0.8182038332228001,0.9779529149946502,56,0.41318471954866387,0.9843406787297625,0,0,0,0,0
564,-1,9,0.730090913,0.9656498120688379,56,0.670739141,0.9928936741314148,0,0,0,0,0
565,-1,9,0.5644278135995706,0.9384279495665351,56,0.3922861517634847,0.9834287722065785,0,0,0,0,0
566,-1,9,0.3687236750389962,0.8950672550906107,56,0.6782575255719329,0.9930913283621821,0,0,0,0,0
567,-1,9,0.6971001151006171,0.9607012383133906,56,0.4868318917548509,0.9872280411016323,0,0,0,0,0
568,-1,9,0.7410464845726298,0.9672492095611267,56,0.46692597663160923,0.9864923344831413,0,0,0,0,0
569,-1,9,0.6026516743290591,0.9452853553455229,56,0.6074595266877371,0.9911382536438453,0,0,0,0,0
570,-1,9,0.5931844592004577,0.9436237492147324,56,0.7544327464021824,0.9949806900931578,0,0,0,0,0
571,-1,9,0.6101635366572628,0.9465873460120758,56,0.5626704028359938,0.9897835947241109,0,0,0,0,0
572,-1,9,0.6654703529893419,0.9557573239440742,56,0.7243477744473295,0.9942579125499763,0,0,0,0,0
573,-1,9,0.438097195,0.9123773535199319,56,0.6743303919287296,0.9929883561508612,0,0,0,0,0
574,-1,9,0.45452387737189026,0.916116583,56,0.6793631464841017,0.993120213,0,0,0,0,0
575,-1,9,0.7725462902227087,0.9717334840464141,56,0.5655943855448075,0.9898752098233129,0,0,0,0,0
576,-1,9,0.644514765,0.952365495,56,0.7569807144354735,0.9950405975378841,0,0,0,0,0
577,-1,9,0.6660355904723138,0.9558474900837272,56,0.6901548747388929,0.9933997485077595,0,0,0,0,0
578,-1,9,0.6379155892007502,0.9512770601219935,56,0.6072314467127775,0.9911316070964133,0,0,0,0,0
579,-1,9,0.6562829484332905,0.9542821298214785,56,0.6436584316400157,0.9921632423501207,0,0,0,0,0
580,-1,9,0.5491789051661762,0.9355765253119195,56,0.6488327413638725,0.9923051099773398,0,0,0,0,0
581,-1,9,0.6060224026719805,0.9458713594619833,56,0.7143553891170578,0.9940113130910808,0,0,0,0,0
582,-1,9,0.49808722010391376,0.9254804871894562,56,0.6262915505257496,0.9916787562356374,0,0,0,0,0
583,-1,9,0.3970382326154622,0.9024555379146868,56,0.8358239641814693,0.9968026713547766,0,0,0,0,0
584,-1,9,0.5834056169771364,0.9418825133480931,56,0.6374611826381158,0.9919918465244691,0,0,0,0,0
585,-1,9,0.5303320953331854,0.9319534327450046,56,0.7099253553679237,0.9939008996343103,0,0,0,0,0
586,-1,9,0.7615997318274923,0.9701938813901335,56,0.5116285420307579,0.9881042417575019,0,0,0,0,0
587,-1,9,0.5417745074988602,0.9341664915000708,56,0.687096911,0.9933209771270206,0,0,0,0,0
588,-1,9,0.833043027,0.9799079257714555,56,0.41059773740939554,0.9842302847560496,0,0,0,0,0
589,-1,9,0.7573902666426037,0.9695965911502593,56,0.6218357156020663,0.9915523241332597,0,0,0,0,0
590,-1,9,0.7262897309102448,0.9650898921576754,56,0.6203987428140145,0.9915113609403998,0,0,0,0,0
591,-1,9,0.3315043352933518,0.8845472234189987,56,0.6733369405682084,0.992962214,0,0,0,0,0
592,-1,9,0.33084018470394155,0.8843501432687638,56,0.536640183,0.9889467648584206,0,0,0,0,0
593,-1,9,0.5538272854811271,0.9364531151951024,56,0.33116735468273983,0.9804589606175937,0,0,0,0,0
594,-1,9,0.4900649333844534,0.9238122916846834,56,0.7510726671738729,0.9949013838769121,0,0,0,0,0
595,-1,9,0.46780379440917375,0.9190527006420476,56,0.8360556179289343,0.9968076040760425,0,0,0,0,0
596,-1,9,0.7006386195392088,0.961241859,56,0.7395084077672714,0.9946257498864769,0,0,0,0,0
597,-1,9,0.43000621744292306,0.9104895603782137,56,0.577682325,0.9902490805992291,0,0,0,0,0
598,-1,9,0.4700777408615461,0.9195480116762074,56,0.7649072701371031,0.9952257071270194,0,0,0,0,0
599,-1,9,0.2852397593974892,0.8698969028605643,56,0.8070056415749934,0.9961783102451311,0,0,0,0,0
600,-1,9,0.6302492736414934,0.9499999772084986,56,0.6676152709694367,0.9928109086646466,0,0,0,0,0
601,-1,9,0.8754563200179915,0.9853297806950608,56,0.7041259185779496,0.9937553281390619,0,0,0,0,0
602,-1,9,0.5750730085067769,0.9403782023989071,56,0.316439434,0.9796628013808045,0,0,0,0,0
603,-1,9,0.4307931175594349,0.9106745402089015,56,0.6277542387891826,0.9917200667500877,0,0,0,0,0
604,-1,9,0.8010442689789541,0.9756525155182754,56,0.634449151,0.9919079516297024,0,0,0,0,0
605,-1,9,0.5329984723280063,0.9324728984397884,56,0.4345715278326584,0.9852281416968668,0,0,0,0,0
606,-1,9,0.7197685577690591,0.9641232170518657,56,0.7368855080982372,0.9945626443042589,0,0,0,0,0
607,-1,9,0.5295285957326836,0.9317964390975859,56,0.8623377935110311,0.9973587048520445,0,0,0,0,0
608,-1,9,0.8461822467045843,0.9816133006970064,56,0.6645086811618734,0.9927282229495656,0,0,0,0,0
609,-1,9,0.6694105678684222,0.956384452,56,0.7222287516202597,0.9942058980776974,0,0,0,0,0
610,-1,9,0.6828847585472508,0.9585045035212801,56,0.6892498531337128,0.9933764714424363,0,0,0,0,0
611,-1,9,0.6523875953294022,0.9536511166313288,56,0.6329920877384637,0.9918672271797473,0,0,0,0,0
612,-1,9,0.8080370830338215,0.9765952059388855,56,0.5354845159687233,0.9889086938632693,0,0,0,0,0
613,-1,9,0.6199683364334281,0.9482654896008584,56,0.6496515750892546,0.9923274586203253,0,0,0,0,0
614,-1,9,0.6275806424869117,0.9495521855592678,56,0.5903784525196953,0.9906335782225738,0,0,0,0,0
615,-1,9,0.6937849052201951,0.9601925152287122,56,0.4889731348676052,0.9873054124372918,0,0,0,0,0
616,-1,9,0.5655470969297686,0.9386345387583239,56,0.49777308277744414,0.9876199328216951,0,0,0,0,0
617,-1,9,0.5287565180159828,0.9316453852692562,56,0.7921279497557002,0.9958473542584343,0,0,0,0,0
618,-1,9,0.5326688789204912,0.9324088120731857,56,0.36201619786195904,0.9820195706214906,0,0,0,0,0
619,-1,9,0.7640159227283355,0.9705353957069912,56,0.4166847473395743,0.9844889593494788,0,0,0,0,0
620,-1,9,0.9162516186699614,0.9903288185823916,56,0.5615527404825825,0.9897484522159574,0,0,0,0,0
621,-1,9,0.5951365547419502,0.9439682841811948,56,0.5622173509848396,0.9897693577452434,0,0,0,0,0
622,-1,9,0.7346310399313652,0.9663151939519384,56,0.4805119591027664,0.986997713,0,0,0,0,0
623,-1,9,0.49192907695586924,0.9242020845358837,56,0.6767197253345133,0.9930510760842245,0,0,0,0,0
624,-1,9,0.8167224888793256,0.9777560268044915,56,0.775740684,0.9954756767100091,0,0,0,0,0
625,-1,9,0.5484012755476287,0.935429237,56,0.6497002093178289,0.9923287851365078,0,0,0,0,0
626,-1,9,0.7185354235729748,0.963939547,56,0.45032254766410196,0.985854727,0,0,0,0,0
627,-1,9,0.7977810930535739,0.9752101062329941,56,0.6341912011689785,0.9919007487078473,0,0,0,0,0
628,-1,9,0.45964264427074253,0.9172572350955954,56,0.5880579669123779,0.9905639134815747,0,0,0,0,0
629,-1,9,0.8139238650733066,0.9773831886593035,56,0.7374341447341659,0.9945758624387945,0,0,0,0,0
630,-1,9,0.5125510505736016,0.9284287271191263,56,0.6272325248968514,0.991705343,0,0,0,0,0
631,-1,9,0.5046948309259599,0.9268366659890402,56,0.625549094,0.9916577508617563,0,0,0,0,0
632,-1,9,0.5531216840132477,0.9363204751379599,56,0.5683341500241869,0.989960632,0,0,0,0,0
633,-1,9,0.4928955445523665,0.9244036565919007,56,0.7257688837418493,0.9942927120738593,0,0,0,0,0
634,-1,9,0.5946809118621863,0.9438879554921966,56,0.6544329011773259,0.9924574067390827,0,0,0,0,0
635,-1,9,0.6538288539709328,0.9538849773094408,56,0.682705504,0.9932072526312675,0,0,0,0,0
636,-1,9,0.6443062414176318,0.9523312543940997,56,0.514478544,0.9882022629380682,0,0,0,0,0
637,-1,9,0.47955502511118986,0.9215896848251685,56,0.8215878682825613,0.9964969289340463,0,0,0,0,0
638,-1,9,0.8161335762091384,0.9776776651499349,56,0.8400798498827367,0.9968930805609876,0,0,0,0,0
639,-1,9,0.7546634443631847,0.9692080995504598,56,0.571316049,0.990053145,0,0,0,0,0
640,-1,9,0.784043165,0.973329748,56,0.6285625211737517,0.9917428544283778,0,0,0,0,0
641,-1,9,0.6306368138105269,0.9500648655684979,56,0.6039898686458025,0.9910368773103586,0,0,0,0,0
642,-1,9,0.4587033783204312,0.9170487804107864,56,0.5456265374708588,0.9892400827045835,0,0,0,0,0
643,-1,9,0.6888457911587337,0.95943058,56,0.6160959159315939,0.9913881424005583,0,0,0,0,0
644,-1,9,0.591213805,0.9432749150393406,56,0.7670910825541655,0.9952763749139961,0,0,0,0,0
645,-1,9,0.7090869508163632,0.9625228643608218,56,0.7569978288401817,0.995040999,0,0,0,0,0
646,-1,9,0.5378376564637031,0.9334097998238178,56,0.7166155228445218,0.9940673855028908,0,0,0,0,0
647,-1,9,0.3646464014756424,0.8939620928438545,56,0.49902962622556724,0.9876643969847252,0,0,0,0,0
648,-1,9,0.5185492879945905,0.9296297310400451,56,0.19504393086359476,0.9712338126841055,0,0,0,0,0
649,-1,9,0.6410584560024934,0.9517966709741044,56,0.7425541077566369,0.9946987525682982,0,0,0,0,0
650,-1,9,0.6976516281238061,0.9607856599563246,56,0.5127183208930531,0.988141786,0,0,0,0,0
651,-1,9,0.7890982500435423,0.9740250361192339,56,0.831851942,0.9967178835198994,0,0,0,0,0
652,-1,9,0.7245804221230591,0.9648372588642935,56,0.7011256057106177,0.9936795545217435,0,0,0,0,0
653,-1,9,0.6072477490139442,0.9460836691395135,56,0.6290376177810678,0.9917562352675731,0,0,0,0,0
654,-1,9,0.6794921692376067,0.9579742343343739,56,0.49768471006182813,0.9876168015087183,0,0,0,0,0
655,-1,9,0.6933200555997379,0.9601210108226961,56,0.5717948332341289,0.990067955,0,0,0,0,0
656,-1,9,0.6734816221787074,0.9570289674693373,56,0.5521997824407149,0.9894516465629961,0,0,0,0,0
657,-1,9,0.6032342510603848,0.945386845,56,0.6722309951524391,0.9929330666391305,0,0,0,0,0
658,-1,9,0.8150711992612713,0.9775361763807683,56,0.8075389820086722,0.9961900629027636,0,0,0,0,0
659,-1,9,0.769813708,0.9713509790443724,56,0.6256377343652758,0.9916602599373643,0,0,0,0,0
660,-1,9,0.4550485363635798,0.916234021,56,0.7099350035602433,0.9939011408388195,0,0,0,0,0
661,-1,9,0.5003986082807517,0.925956697,56,0.7958279503692006,0.9959302280020609,0,0,0,0,0
662,-1,9,0.6144440763470284,0.9473229095728788,56,0.8271230831394328,0.9966164200350036,0,0,0,0,0
663,-1,9,0.6542191116087515,0.9539482222293703,56,0.48289351595702085,0.9870848557066756,0,0,0,0,0
664,-1,9,0.7350477006918308,0.9663760747275804,56,0.6632798328348201,0.9926954108017529,0,0,0,0,0
665,-1,9,0.5704650233632005,0.9395379691833537,56,0.632060348,0.9918411370780207,0,0,0,0,0
666,-1,9,0.39972573,0.9031322377820652,56,0.6670252360869089,0.9927952332695975,0,0,0,0,0
667,-1,9,0.45997475855402775,0.917330852,56,0.2901601241728445,0.9781472654899221,0,0,0,0,0
668,-1,9,0.6970632389119079,0.9606955914546178,56,0.6767287889177097,0.9930513135886972,0,0,0,0,0
669,-1,9,0.6256529335366177,0.9492276652468882,56,0.5466925881455345,0.9892745636918313,0,0,0,0,0
670,-1,9,0.7498005045465185,0.9685121669591902,56,0.5257418673110145,0.988584497,0,0,0,0,0
671,-1,9,0.5119415480813819,0.9283059905272486,56,0.7766031969012068,0.9954954306939958,0,0,0,0,0
672,-1,9,0.4038099056376993,0.9041529119709918,56,0.582243282,0.9903881542813268,0,0,0,0,0
673,-1,9,0.45622579330497287,0.9164970951128973,56,0.4107946214737309,0.9842387103488751,0,0,0,0,0
674,-1,9,0.8078626379212874,0.9765717776124359,56,0.6193846882967853,0.9914823975836858,0,0,0,0,0
675,-1,9,0.542341884,0.9342751422796276,56,0.32371877685186884,0.9800607530806489,0,0,0,0,0
676,-1,9,0.6673453770302116,0.9560561648372505,56,0.7542174232497517,0.994975618,0,0,0,0,0
677,-1,9,0.65033785,0.9533177298057294,56,0.5397755443951648,0.9890496484768864,0,0,0,0,0
678,-1,9,0.5222374353004982,0.9303620779150061,56,0.5790331947075962,0.9902903836947187,0,0,0,0,0
679,-1,9,0.6284932665117448,0.9497055123918621,56,0.6178715170539331,0.9914390917755673,0,0,0,0,0
680,-1,9,0.6232043920415138,0.9488141814781259,56,0.5239228022361763,0.9885233131173523,0,0,0,0,0
681,-1,9,0.5655175231958292,0.938629085,56,0.6666441466284272,0.9927851016657012,0,0,0,0,0
682,-1,9,0.54937122,0.9356129225087089,56,0.5949938551066538,0.9907713442757506,0,0,0,0,0
683,-1,9,0.49481820917070923,0.924803616,56,0.5767673549619211,0.9902210513037493,0,0,0,0,0
684,-1,9,0.3784942104972422,0.8976720298833551,56,0.5516388719059961,0.9894336901064286,0,0,0,0,0
685,-1,9,0.7388392247417775,0.9669286715746404,56,0.6316964243477438,0.9918309363974271,0,0,0,0,0
686,-1,9,0.5312020199280828,0.9321231668031564,56,0.5062619947851298,0.9879182037200549,0,0,0,0,0
687,-1,9,0.485408063,0.9228327496564698,56,0.675185213,0.9930108202148413,0,0,0,0,0
688,-1,9,0.7227779349440977,0.9645702794385991,56,0.627158412,0.9917032503175707,0,0,0,0,0
689,-1,9,0.5351109550665469,0.9328828165751669,56,0.7681968916297006,0.9953019773698901,0,0,0,0,0
690,-1,9,0.42218285266947164,0.9086339390934027,56,0.7114975218664521,0.9939401613292099,0,0,0,0,0
691,-1,9,0.6387314019863267,0.9514121569298073,56,0.3714887244138799,0.9824726238360155,0,0,0,0,0
692,-1,9,0.599678698,0.9447660776766502,56,0.5264983743784314,0.988609881,0,0,0,0,0
693,-1,9,0.7356139996984699,0.9664587708746579,56,0.4527798766393303,0.9859505352075577,0,0,0,0,0
694,-1,9,0.5350243928595331,0.9328660478406638,56,0.3765835506577126,0.9827116292722834,0,0,0,0,0
695,-1,9,0.44366966099871075,0.9136595849558747,56,0.33619500537700003,0.9807228010929945,0,0,0,0,0
696,-1,9,0.7942180069384037,0.9747251953742435,56,0.8021833872940667,0.9960716997023162,0,0,0,0,0
697,-1,9,0.6262000939511558,0.949319867,56,0.6887751194557473,0.9933642493338596,0,0,0,0,0
698,-1,9,0.5457391423542608,0.9349235999688392,56,0.5369570655559704,0.98895719,0,0,0,0,0
699,-1,9,0.8305555101512484,0.9795823752400065,56,0.5407520545045756,0.9890815717981223,0,0,0,0,0
700,-1,9,0.6354097188748103,0.9508611309973956,56,0.5739682327618444,0.9901350307111412,0,0,0,0,0
701,-1,9,0.6338161859088892,0.950595874,56,0.5012454988037697,0.9877425407929477,0,0,0,0,0
702,-1,9,0.6145306633054743,0.9473377415297795,56,0.6294658308491404,0.9917682871551179,0,0,0,0,0
703,-1,9,0.7893052713565998,0.9740534258291842,56,0.6409725753671514,0.9920891601470805,0,0,0,0,0
704,-1,9,0.5881096868266164,0.9427233393373075,56,0.62943316,0.9917673679417144,0,0,0,0,0
705,-1,9,0.6940583922752344,0.9602345638402309,56,0.5568215465593251,0.9895989250304547,0,0,0,0,0
706,-1,9,0.4062624139129877,0.904761416,56,0.6894250861076984,0.9933809807595363,0,0,0,0,0
707,-1,9,0.47335894749134827,0.9202589833613939,56,0.5885947768126233,0.9905800533594529,0,0,0,0,0
708,-1,9,0.5569293469373476,0.9370344695198551,56,0.6979862604907796,0.993599928,0,0,0,0,0
709,-1,9,0.39610797511350515,0.9022203544234505,56,0.6434856340544903,0.992158485,0,0,0,0,0
710,-1,9,0.4526691708270034,0.9157004662224213,56,0.45080743234442927,0.9858736725350169,0,0,0,0,0
711,-1,9,0.6547194259845245,0.9540292538420878,56,0.6308514229192345,0.9918072289885043,0,0,0,0,0
712,-1,9,0.6636368619218038,0.9554643779161339,56,0.44290949335633495,0.9855625583588291,0,0,0,0,0
713,-1,9,0.4391234866304197,0.9126145895149144,56,0.6792233233457917,0.9931165625445773,0,0,0,0,0
714,-1,9,0.6285772972831909,0.9497196201616798,56,0.7305792481652698,0.9944100115834045,0,0,0,0,0
715,-1,9,0.6709202181541942,0.9566238600937295,56,0.5765381327451078,0.9902140224430299,0,0,0,0,0
716,-1,9,0.6079599294868386,0.9462068901934239,56,0.8767743378474183,0.9976544402916889,0,0,0,0,0
717,-1,9,0.5082832156713886,0.927566564,56,0.7995837684537458,0.996013966,0,0,0,0,0
718,-1,9,0.4222119133554198,0.9086408883513127,56,0.673398174,0.9929638262526407,0,0,0,0,0
719,-1,9,0.7363510307326498,0.9665663141598175,56,0.6926170525197107,0.993462924,0,0,0,0,0
720,-1,9,0.6789581657286231,0.9578905541335277,56,0.6396351368963605,0.9920521566789544,0,0,0,0,0
721,-1,9,0.5298041539114947,0.9318503035193126,56,0.7882275053483826,0.9957595782563368,0,0,0,0,0
722,-1,9,0.6844989915987575,0.9587559899965482,56,0.6734759286858119,0.9929658735183065,0,0,0,0,0
723,-1,9,0.5148520063115489,0.9288909083115371,56,0.6652839405822268,0.9927488929288427,0,0,0,0,0
724,-1,9,0.6035723228118823,0.9454456995284224,56,0.5789458433259342,0.9902877157733395,0,0,0,0,0
725,-1,9,0.6761626375678018,0.9574515280648072,56,0.4236434724269974,0.9847801702997573,0,0,0,0,0
726,-1,9,0.48569724901919487,0.9228938207743335,56,0.7523366814182376,0.9949312585628189,0,0,0,0,0
727,-1,9,0.7655348161510898,0.9707495912061167,56,0.6644298485277893,0.9927261197861282,0,0,0,0,0
728,-1,9,0.6971131219070228,0.9607032299851317,56,0.6216476087037062,0.9915469671388568,0,0,0,0,0
729,-1,9,0.6216696073853815,0.9485542664238547,56,0.5200909732565864,0.9883937437734808,0,0,0,0,0
730,-1,9,0.6531388920500093,0.9537730803426138,56,0.6647139188975741,0.9927336973055654,0,0,0,0,0
731,-1,9,0.523210473,0.9305545251711328,56,0.4714360221134214,0.9866616851115659,0,0,0,0,0
732,-1,9,0.8277156837838803,0.9792096554361244,56,0.6743244683594841,0.9929882003862704,0,0,0,0,0
733,-1,9,0.2816356755182765,0.8686687240189249,56,0.8152841503890003,0.9963598810739308,0,0,0,0,0
734,-1,9,0.5463165217304152,0.9350334513833791,56,0.6835318186347986,0.9932287065214139,0,0,0,0,0
735,-1,9,0.6220302980576751,0.9486154004480989,56,0.4594181159711988,0.9862068212737521,0,0,0,0,0
736,-1,9,0.6208588481845815,0.9484167344152523,56,0.8376148807095619,0.996840771,0,0,0,0,0
737,-1,9,0.5484703826751343,0.9354423335806326,56,0.47947271909789413,0.986959554,0,0,0,0,0
738,-1,9,0.633326222,0.9505141966815462,56,0.5379485281965042,0.9889897684281888,0,0,0,0,0
739,-1,9,0.3878596328474251,0.9001132936396928,56,0.7652431938035289,0.9952335103088527,0,0,0,0,0
740,-1,9,0.7740790522872899,0.9719475128583428,56,0.31721512051843226,0.9797056327616319,0,0,0,0,0
741,-1,9,0.5562407615585109,0.9369056714009057,56,0.7667194714291345,0.9952677629782911,0,0,0,0,0
742,-1,9,0.7948236503861688,0.9748077554023001,56,0.6616783566755059,0.992652559,0,0,0,0,0
743,-1,9,0.8066682098563719,0.9764112426287352,56,0.6534178542216453,0.9924298976721787,0,0,0,0,0
744,-1,9,0.708044492,0.9623655342718083,56,0.47475819156049437,0.9867854167428429,0,0,0,0,0
745,-1,9,0.7280738962884804,0.9653530260398439,56,0.8390408371481585,0.9968710500401307,0,0,0,0,0
746,-1,9,0.6919321468365509,0.9599072651519494,56,0.45000644220857383,0.985842365,0,0,0,0,0
747,-1,9,0.3079770392160077,0.8773415637390712,56,0.6039563007625642,0.9910358937343126,0,0,0,0,0
748,-1,9,0.5514223676929398,0.9360004166866247,56,0.6915171296647519,0.9934347291058281,0,0,0,0,0
749,-1,9,0.549901558,0.9357132347825263,56,0.7823919643340863,0.9956274548400232,0,0,0,0,0
750,-1,9,0.6211588950288315,0.9484676510420083,56,0.48470851127155246,0.9871509844474039,0,0,0,0,0
751,-1,9,0.868851082,0.9845009727144755,56,0.5998618541152486,0.9909155174376794,0,0,0,0,0
752,-1,9,0.5733516067524856,0.9400650196834366,56,0.3168205180959538,0.9796838567229003,0,0,0,0,0
753,-1,9,0.6145975246663946,0.9473491933094812,56,0.6050259611437467,0.9910672095918863,0,0,0,0,0
754,-1,9,0.6191306934061764,0.9481230476745571,56,0.6625746487497498,0.9926765543254177,0,0,0,0,0
755,-1,9,0.5256439971641054,0.9310344381702953,56,0.6424168505385371,0.9921290344471259,0,0,0,0,0
756,-1,9,0.5781265848723162,0.9409317094295103,56,0.34909304808398606,0.9813823335461653,0,0,0,0,0
757,-1,9,0.40647090357040994,0.9048129947437894,56,0.7438308245136751,0.9947292668797403,0,0,0,0,0
758,-1,9,0.7369551821130889,0.9666543970803085,56,0.5316381675953895,0.9887814003255364,0,0,0,0,0
759,-1,9,0.8072409274473592,0.9764882440678689,56,0.7902862354685957,0.9958059611537008,0,0,0,0,0
760,-1,9,0.6560965527178959,0.9542520112816103,56,0.5079707830828994,0.9879776503245015,0,0,0,0,0
761,-1,9,0.429909586,0.9104668241956342,56,0.3800899380231055,0.9828742809269473,0,0,0,0,0
762,-1,9,0.3382711842742242,0.8865354603509293,56,0.5570690039439105,0.9896067766782914,0,0,0,0,0
763,-1,9,0.7264673878076768,0.9651161192543886,56,0.5451446175424433,0.9892244734732658,0,0,0,0,0
764,-1,9,0.6205890681747699,0.9483709352589833,56,0.694520442,0.9935116110482611,0,0,0,0,0
765,-1,9,0.5796081435869557,0.9411993287032606,56,0.7277197142870362,0.9943403743536989,0,0,0,0,0
766,-1,9,0.6933588254504829,0.9601269761329608,56,0.34771572891863956,0.9813130569694106,0,0,0,0,0
767,-1,9,0.7671249731943308,0.970973432,56,0.4000616032388473,0.9837735066778122,0,0,0,0,0
768,-1,9,0.7046499488554344,0.9618517916870492,56,0.7879005703415944,0.9957522015111999,0,0,0,0,0
769,-1,9,0.6012874639637522,0.9450473576585955,56,0.8536502797858303,0.9971783868701484,0,0,0,0,0
770,-1,9,0.642364116,0.9520118704782016,56,0.7281628823538738,0.9943511842498354,0,0,0,0,0
771,-1,9,0.4799127150429656,0.921666037,56,0.519890774,0.9883869484808039,0,0,0,0,0
772,-1,9,0.7056221863903702,0.9619991580751774,56,0.5555289952833476,0.9895578575104435,0,0,0,0,0
773,-1,9,0.6732090428378027,0.9569859219555679,56,0.8252871054397647,0.9965768732569492,0,0,0,0,0
774,-1,9,0.8110276129197689,0.9769961424856985,56,0.3389387833366924,0.9808651588936402,0,0,0,0,0
775,-1,9,0.40890770768703216,0.9054141036104156,56,0.5698016441174353,0.9900062199827456,0,0,0,0,0
776,-1,9,0.5694655646565455,0.9393549291552927,56,0.2642608667648827,0.9765155382130907,0,0,0,0,0
777,-1,9,0.30153612717330835,0.8752836517843322,56,0.6885731093755321,0.9933590460364922,0,0,0,0,0
778,-1,9,0.35887434658279327,0.8923786209830508,56,0.6628794191811226,0.992684706,0,0,0,0,0
779,-1,9,0.7947551054769144,0.9747984143127139,56,0.773742868,0.9954298380978076,0,0,0,0,0
780,-1,9,0.6707542478581429,0.9565975631097354,56,0.7288399876738404,0.9943676879459415,0,0,0,0,0
781,-1,9,0.7049550057605599,0.9618980499730289,56,0.6618151644225991,0.9926562238133233,0,0,0,0,0
782,-1,9,0.6186551083260919,0.9480420977597881,56,0.7019759868380681,0.9937010633906153,0,0,0,0,0
783,-1,9,0.7503550072989396,0.9685917238583855,56,0.6330495511777063,0.9918688350073773,0,0,0,0,0
784,-1,9,0.8993203108357666,0.9882785696326022,56,0.6185281673627487,0.9914578973859658,0,0,0,0,0
785,-1,9,0.7056262813785745,0.9619997783890445,56,0.5586327296801616,0.9896563135137458,0,0,0,0,0
786,-1,9,0.49160027893039265,0.9241334282685619,56,0.7427573686421183,0.9947036140749294,0,0,0,0,0
787,-1,9,0.8130292498196504,0.9772637658943331,56,0.40616099334843175,0.9840393559625127,0,0,0,0,0
788,-1,9,0.6909837863192243,0.9597609930756242,56,0.7536616165198675,0.9949625202277752,0,0,0,0,0
789,-1,9,0.5600065506055343,0.9376083283859832,56,0.5815020790350053,0.9903656263445417,0,0,0,0,0
790,-1,9,0.559751349,0.9375608433452198,56,0.6715627910625558,0.9929154332974504,0,0,0,0,0
791,-1,9,0.6457289447469933,0.9525646763535238,56,0.7095620653504138,0.9938918150513909,0,0,0,0,0
792,-1,9,0.4771665214632269,0.9210785377476622,56,0.5941142440608739,0.9907451697340899,0,0,0,0,0
793,-1,9,0.5207007591503989,0.9300575041573252,56,0.6248565685418139,0.9916381360414303,0,0,0,0,0
794,-1,9,0.4687050635592134,0.919249271,56,0.6103071610441857,0.9912210317084356,0,0,0,0,0
795,-1,9,0.7136027400832363,0.9632020314901794,56,0.48033057973426274,0.986991059,0,0,0,0,0
796,-1,9,0.5017599319339308,0.9262362529497851,56,0.533922905,0.9888571215204743,0,0,0,0,0
797,-1,9,0.5685565171999261,0.9391881988217713,56,0.6235956176072153,0.9916023664666404,0,0,0,0,0
798,-1,9,0.7087830001849336,0.962477013,56,0.6498143772659569,0.9923318987254603,0,0,0,0,0
799,-1,9,0.41320200593715456,0.9064657099670719,56,0.730601448,0.9944105511563904,0,0,0,0,0
800,-1,9,0.5549739397250757,0.9366683449785157,56,0.8417788836617078,0.996929048,0,0,0,0,0
801,-1,9,0.5512667674878179,0.9359710663023533,56,0.5174507398183315,0.9883039202844974,0,0,0,0,0
802,-1,9,0.5456901775188921,0.9349142792345695,56,0.6471393468033823,0.9922588037049083,0,0,0,0,0
803,-1,9,0.5727463150833608,0.9399546974854031,56,0.3923023526090285,0.9834294974449601,0,0,0,0,0
804,-1,9,0.40612904868442534,0.9047284101944609,56,0.40340336963306206,0.983919651,0,0,0,0,0
805,-1,9,0.6172498043207797,0.9478025756250589,56,0.5310265553239543,0.9887610759239035,0,0,0,0,0
806,-1,9,0.6708475206005986,0.9566123423202825,56,0.8332639822552785,0.996748071,0,0,0,0,0
807,-1,9,0.5087043600293817,0.9276519270730225,56,0.45291974150877173,0.9859559730016237,0,0,0,0,0
808,-1,9,0.5118157079081257,0.9282806336934167,56,0.4912083201834931,0.9873858240882036,0,0,0,0,0
809,-1,9,0.8539529092870065,0.982610831,56,0.623183765,0.9915906680012307,0,0,0,0,0
810,-1,9,0.794132553,0.9747135420030762,56,0.37862820267127534,0.982806655,0,0,0,0,0
811,-1,9,0.5880423308715071,0.9427113420924322,56,0.4523550387435662,0.9859340078501592,0,0,0,0,0
812,-1,9,0.6089999748953318,0.9463866079423728,56,0.7430603722782128,0.9947108587606901,0,0,0,0,0
813,-1,9,0.704634159,0.9618493968469233,56,0.5350071103639151,0.9888929431954373,0,0,0,0,0
814,-1,9,0.6498083601972126,0.9532314575794396,56,0.7581521356287864,0.9950680733927758,0,0,0,0,0
815,-1,9,0.5742332888161741,0.9402255325021347,56,0.5521845581420868,0.989451159,0,0,0,0,0
816,-1,9,0.5689139745821151,0.939253789,56,0.8045500751005064,0.996124101,0,0,0,0,0
817,-1,9,0.7516059026862989,0.9687710034652086,56,0.5580053163626704,0.9896364542397283,0,0,0,0,0
818,-1,9,0.3914675714649613,0.9010398044438203,56,0.4899391668354433,0.9873402100133536,0,0,0,0,0
819,-1,9,0.6140690216662459,0.9472586429310567,56,0.45723566512849895,0.9861229657910323,0,0,0,0,0
820,-1,9,0.4856449452919383,0.9228827775216247,56,0.5343316467588924,0.9888706345576921,0,0,0,0,0
821,-1,9,0.6717460356094181,0.9567546199439425,56,0.4145724464881633,0.9843996176099638,0,0,0,0,0
822,-1,9,0.4963794310434055,0.9251273720663178,56,0.6725105717778874,0.9929404393226235,0,0,0,0,0
823,-1,9,0.7086230412479421,0.9624528755368109,56,0.518022177,0.988323399,0,0,0,0,0
824,-1,9,0.7986545709941447,0.9753286865605476,56,0.49386317022512866,0.9874808677268075,0,0,0,0,0
825,-1,9,0.6810882979497578,0.9582240052134469,56,0.6954848389274171,0.9935362294326561,0,0,0,0,0
826,-1,9,0.6658257787868009,0.9558140290662706,56,0.6537272030841458,0.9924382858647026,0,0,0,0,0
827,-1,9,0.658117342,0.9545781333508071,56,0.6916522938466274,0.9934381962213028,0,0,0,0,0
828,-1,9,0.43903164131447353,0.912593379,56,0.7074442777516903,0.9938387656580189,0,0,0,0,0
829,-1,9,0.8770285024854468,0.9855262348354714,56,0.7058426680858767,0.9937985425493405,0,0,0,0,0
830,-1,9,0.641040269,0.951793671,56,0.46086163496249055,0.9862620703635057,0,0,0,0,0
831,-1,9,0.6403176531137651,0.9516743981724253,56,0.5031249254784007,0.9878085542105427,0,0,0,0,0
832,-1,9,0.5798765772714879,0.941247752,56,0.508307587,0.9879893441231674,0,0,0,0,0
833,-1,9,0.39229426888118163,0.9012510292834413,56,0.686480848,0.9933050660378582,0,0,0,0,0
834,-1,9,0.8619171651755607,0.983624875,56,0.4626413111739735,0.9863299520295703,0,0,0,0,0
835,-1,9,0.5594253263169561,0.9375001526117783,56,0.6788797857826311,0.9931075907002734,0,0,0,0,0
836,-1,9,0.8107811977779468,0.9769631556435417,56,0.8067585626026318,0.9961728630419505,0,0,0,0,0
837,-1,9,0.7166327017275468,0.9636555942126108,56,0.3529442851236813,0.9815746281724347,0,0,0,0,0
838,-1,9,0.4854864571250394,0.922849308,56,0.48520000872958874,0.9871688501467213,0,0,0,0,0
839,-1,9,0.5320427987729152,0.9322869794917853,56,0.821353698,0.9964918563812691,0,0,0,0,0
840,-1,9,0.5123054007582757,0.9283792757977516,56,0.4349868620902958,0.9852449483609028,0,0,0,0,0
841,-1,9,0.7751979630804894,0.9721035153772218,56,0.6705955457744336,0.9928898779620341,0,0,0,0,0
842,-1,9,0.6330175710864818,0.9504627152238456,56,0.7334147916828866,0.9944788007470048,0,0,0,0,0
843,-1,9,0.42486290450097486,0.9092730362712421,56,0.6219975382155414,0.9915569313183947,0,0,0,0,0
844,-1,9,0.8006458602632052,0.9755985866890151,56,0.6619208551303013,0.9926590544027377,0,0,0,0,0
845,-1,9,0.7096113942123907,0.9626019367676156,56,0.6186654117371376,0.9914618254087814,0,0,0,0,0
846,-1,9,0.5214839235646611,0.9302128293464977,56,0.36548558787328866,0.982186842,0,0,0,0,0
847,-1,9,0.6665909956153208,0.9559360215487037,56,0.8535484639933819,0.9971762629145825,0,0,0,0,0
848,-1,9,0.6606176247790054,0.954980408,56,0.4660788069571445,0.9864603444056576,0,0,0,0,0
849,-1,9,0.5572487129537625,0.9370941580653377,56,0.523433606,0.9885068233759409,0,0,0,0,0
850,-1,9,0.40507996945107555,0.9044684426850607,56,0.5134364061141086,0.9881664822834503,0,0,0,0,0
851,-1,9,0.5841957953092441,0.9420241734169399,56,0.6786989788477954,0.9931028669461129,0,0,0,0,0
852,-1,9,0.4054739114275512,0.9045661337315822,56,0.6851762870951495,0.9932713267198863,0,0,0,0,0
853,-1,9,0.6785465794890426,0.9578260172112941,56,0.38675446062533325,0.9831794075291099,0,0,0,0,0
854,-1,9,0.7300070775646892,0.9656374910272253,56,0.6016905631171336,0.9909693806955576,0,0,0,0,0
855,-1,9,0.5866461597282954,0.9424623847066677,56,0.569680715,0.9900024676404909,0,0,0,0,0
856,-1,9,0.7641151139367703,0.9705493952733271,56,0.6613091286025236,0.9926426650990091,0,0,0,0,0
857,-1,9,0.7575533773042783,0.9696197901700571,56,0.7138699737539989,0.9939992475319326,0,0,0,0,0
858,-1,9,0.6585254507889834,0.9546438872364992,56,0.6293618970540531,0.9917653627197227,0,0,0,0,0
859,-1,9,0.6024939551956785,0.9452578644457031,56,0.5182473862548937,0.9883310703552097,0,0,0,0,0
860,-1,9,0.43374000496593806,0.9113646191340422,56,0.7704264879309528,0.995353489,0,0,0,0,0
861,-1,9,0.5955785371750274,0.9440461523516992,56,0.6226848549538865,0.991576487,0,0,0,0,0
862,-1,9,0.7820531029681451,0.9730549368099356,56,0.6136988683277996,0.9913191319067733,0,0,0,0,0
863,-1,9,0.6521121840190376,0.9536063757445067,56,0.43613288195120825,0.9852912408918538,0,0,0,0,0
864,-1,9,0.5580749315363872,0.9372484348548503,56,0.6932982922141673,0.9934803646449055,0,0,0,0,0
865,-1,9,0.8211748852198534,0.9783468497715783,56,0.7675778744184873,0.9952876499189501,0,0,0,0,0
866,-1,9,0.3411450239763274,0.8873691740815678,56,0.799055256,0.9960022057718827,0,0,0,0,0
867,-1,9,0.7393094648029048,0.9669970310613232,56,0.5316031911111602,0.9887802386461226,0,0,0,0,0
868,-1,9,0.7452060900821584,0.967850967,56,0.45030472388962384,0.9858540300560257,0,0,0,0,0
869,-1,9,0.5203283436512857,0.9299835700353282,56,0.7530983000706204,0.994949235,0,0,0,0,0
870,-1,9,0.6771702872367367,0.9576099609063563,56,0.760930541,0.9951330749235613,0,0,0,0,0
871,-1,9,0.6479192875089786,0.9529231522521018,56,0.6957630302871349,0.9935433246607015,0,0,0,0,0
872,-1,9,0.6889973608959942,0.9594540339607863,56,0.4085600561814665,0.9841428490192223,0,0,0,0,0
873,-1,9,0.6365548109247358,0.9510513761236138,56,0.6317725790211409,0.9918330714671161,0,0,0,0,0
874,-1,9,0.6490724450867494,0.953111448,56,0.7600732302363896,0.995113043,0,0,0,0,0
875,-1,9,0.5730366910651303,0.9400076351724257,56,0.6322234434086051,0.9918457067091141,0,0,0,0,0
876,-1,9,0.4947507042082893,0.9247895969255249,56,0.4570471606536028,0.9861157045216038,0,0,0,0,0
877,-1,9,0.7072251941448121,0.9622417394694698,56,0.5339317972376693,0.9888574156131763,0,0,0,0,0
878,-1,9,0.6006900669542817,0.944942986,56,0.5315603483312435,0.9887788155999121,0,0,0,0,0
879,-1,9,0.4848893923292927,0.9227231342728031,56,0.6674439817819633,0.9928063594448052,0,0,0,0,0
880,-1,9,0.651759184,0.9535490059322514,56,0.49451010929425737,0.9875039521049789,0,0,0,0,0
881,-1,9,0.6691055137352238,0.956336017,56,0.500750842,0.9877251259395098,0,0,0,0,0
882,-1,9,0.5716524609067035,0.9397550653450693,56,0.6827177865990611,0.9932075717230091,0,0,0,0,0
883,-1,9,0.5257789276888595,0.9310609898618353,56,0.4841181243422025,0.9871295006255119,0,0,0,0,0
884,-1,9,0.49985601046802985,0.9258450826577745,56,0.6362897326379144,0.9919592641816392,0,0,0,0,0
885,-1,9,0.7311582701566262,0.9658065695075605,56,0.40915808522872754,0.9841685544274339,0,0,0,0,0
886,-1,9,0.8446529189663458,0.98141602,56,0.7062747985117357,0.993809404,0,0,0,0,0
887,-1,9,0.4717754007688478,0.9199164093241264,56,0.6167006379346642,0.9914055105635874,0,0,0,0,0
888,-1,9,0.7381008512268897,0.9668212550562318,56,0.2920077232351503,0.97825814,0,0,0,0,0
889,-1,9,0.5835141905618807,0.9419019880974356,56,0.7678552469388087,0.9952940712419728,0,0,0,0,0
890,-1,9,0.5561802522541884,0.9368943465183872,56,0.6608288719977375,0.992629788,0,0,0,0,0
891,-1,9,0.6632896405704982,0.9554088196192784,56,0.7050498779239128,0.9937785990976595,0,0,0,0,0
892,-1,9,0.3020473357052714,0.8754484065700442,56,0.6615300910930936,0.9926485868167091,0,0,0,0,0
893,-1,9,0.5354388622952982,0.9329463165397374,56,0.6027164930584773,0.990999528,0,0,0,0,0
894,-1,9,0.6333722327741089,0.9505218690673297,56,0.46785505967036634,0.9865273522279066,0,0,0,0,0
895,-1,9,0.4749242461410236,0.9205966100416358,56,0.4796087511001417,0.986964553,0,0,0,0,0
896,-1,9,0.8601877881025559,0.9834053934968054,56,0.4884045228315027,0.9872848988003469,0,0,0,0,0
897,-1,9,0.8260317572396148,0.9789881072765847,56,0.5415800363249726,0.9891085952213143,0,0,0,0,0
898,-1,9,0.5524387609800571,0.9361919548994148,56,0.6889527270406492,0.9933688228431867,0,0,0,0,0
899,-1,9,0.36717560972529817,0.8946489306990351,56,0.6166676680691389,0.9914045640704233,0,0,0,0,0
900,-1,9,0.50334885,0.9265616955779911,56,0.4959972112970798,0.9875569033102214,0,0,0,0,0
901,-1,9,0.4787920770191986,0.9214266580549004,56,0.5924664307354042,0.9906960332382767,0,0,0,0,0
902,-1,9,0.6135668622386308,0.9471725418915347,56,0.7693922814701423,0.995329613,0,0,0,0,0
903,-1,9,0.3230438975974288,0.8820099909271345,56,0.6290732522198208,0.9917572384920886,0,0,0,0,0
904,-1,9,0.719045023,0.9640154836009543,56,0.5892290740816375,0.9905991056968041,0,0,0,0,0
905,-1,9,0.38334047444560426,0.8989419148012079,56,0.6218539995507796,0.991552845,0,0,0,0,0
906,-1,9,0.6777229985191632,0.957696775,56,0.4236580748073674,0.984780776,0,0,0,0,0
907,-1,9,0.7212569007405347,0.9643445272309757,56,0.8753619996461716,0.9976257201379115,0,0,0,0,0
908,-1,9,0.36513567242611544,0.8940952900902948,56,0.7206055607388863,0.994165953,0,0,0,0,0
909,-1,9,0.6234479228548061,0.9488553709910992,56,0.7121835831107826,0.9939572676315734,0,0,0,0,0
910,-1,9,0.3835872319933177,0.8990061910726097,56,0.6924620411966145,0.9934589532400723,0,0,0,0,0
911,-1,9,0.5652426932202074,0.93857839,56,0.6565790339423542,0.992515432,0,0,0,0,0
912,-1,9,0.480294235,0.9217474194581087,56,0.6130490158505945,0.9913003771753113,0,0,0,0,0
913,-1,9,0.7866033173248917,0.9736823737314173,56,0.8217652302635626,0.9965007699703755,0,0,0,0,0
914,-1,9,0.5376025600327595,0.9333644569477547,56,0.6988900811267199,0.9936228884826794,0,0,0,0,0
915,-1,9,0.6421284551085498,0.9519730575382743,56,0.7108650816047577,0.9939243776599296,0,0,0,0,0
916,-1,9,0.7376364022210712,0.9667536393637609,56,0.8036571744237854,0.9961043488723276,0,0,0,0,0
917,-1,9,0.6974712237289896,0.9607580514810946,56,0.39212161667200374,0.9834214050498428,0,0,0,0,0
918,-1,9,0.44769570213475324,0.9145771044101584,56,0.7928070969568146,0.9958625944539538,0,0,0,0,0
919,-1,9,0.7463966946589088,0.9680226587266499,56,0.5332917958305721,0.9888362370469213,0,0,0,0,0
920,-1,9,0.6092799656286512,0.9464349431662792,56,0.5072124280777524,0.9879512923819561,0,0,0,0,0
921,-1,9,0.38867838471041216,0.9003242172909126,56,0.4580713043848032,0.98615512,0,0,0,0,0
922,-1,9,0.4839853077240589,0.9225318164398798,56,0.6555480360585724,0.9924875800506567,0,0,0,0,0
923,-1,9,0.6165976824362842,0.9476912622882925,56,0.731410988,0.9944302164023555,0,0,0,0,0
924,-1,9,0.8696160380014827,0.9845972436206558,56,0.7962905212879594,0.9959405621837523,0,0,0,0,0
925,-1,9,0.8549942853091319,0.9827439002212404,56,0.7118059705737005,0.9939478542158817,0,0,0,0,0
926,-1,9,0.6298031389307746,0.9499252340548683,56,0.5618070410844388,0.9897564541889217,0,0,0,0,0
927,-1,9,0.3131598469800077,0.8789699100106154,56,0.586732523,0.990524,0,0,0,0,0
928,-1,9,0.6786666641808878,0.9578448501436075,56,0.5289347027432643,0.9886913876557131,0,0,0,0,0
929,-1,9,0.6856428969102016,0.9589338836677537,56,0.7434146734936379,0.994719326,0,0,0,0,0
930,-1,9,0.6007736344312403,0.9449575914303923,56,0.7157966696064553,0.9940470903900872,0,0,0,0,0
931,-1,9,0.4686787651138444,0.9192435395545263,56,0.5981727476126492,0.9908656225988615,0,0,0,0,0
932,-1,9,0.881469619,0.986079494,56,0.6424495366422295,0.9921299358428873,0,0,0,0,0
933,-1,9,0.7378362410824166,0.9667827370612887,56,0.7614815582920454,0.9951459384243917,0,0,0,0,0
934,-1,9,0.4153161422732325,0.9069798647880382,56,0.5111459415079979,0.9880875904244055,0,0,0,0,0
935,-1,9,0.621019743,0.9484440402957804,56,0.6066150708933116,0.9911136328285238,0,0,0,0,0
936,-1,9,0.4417867561362288,0.9132279355639226,56,0.6442500406133379,0.9921795195031823,0,0,0,0,0
937,-1,9,0.6060626403035901,0.9458783372935458,56,0.8268938966433192,0.9966114880925965,0,0,0,0,0
938,-1,9,0.5512120343176341,0.9359607404034119,56,0.672478855,0.9929396030725295,0,0,0,0,0
939,-1,9,0.6785131972035029,0.9578207813272706,56,0.6237702416344139,0.9916073242866776,0,0,0,0,0
940,-1,9,0.5425218400185087,0.934309582,56,0.5221833475801301,0.9884646110026696,0,0,0,0,0
941,-1,9,0.5804850254067015,0.9413574367047798,56,0.6382848622751593,0.9920147208995241,0,0,0,0,0
942,-1,9,0.8092774849103849,0.9767616648637513,56,0.48298259928766796,0.9870881071200912,0,0,0,0,0
943,-1,9,0.44732791,0.9144935909474121,56,0.5921895523177587,0.9906877637727661,0,0,0,0,0
944,-1,9,0.43828808904056865,0.912421518,56,0.501404024,0.9877481182507307,0,0,0,0,0
945,-1,9,0.6738015277832726,0.9570794669609585,56,0.48861749505326973,0.9872925848780532,0,0,0,0,0
946,-1,9,0.6380827486625908,0.9513047538670483,56,0.6805977937391058,0.9931524137521397,0,0,0,0,0
947,-1,9,0.7239830803149133,0.9647488477117995,56,0.6566843818610287,0.9925182754737037,0,0,0,0,0
948,-1,9,0.5629153283521732,0.938148207,56,0.6601398268244979,0.9926112958316594,0,0,0,0,0
949,-1,9,0.3830012442203747,0.8988534908623148,56,0.6204247980090986,0.9915121045142896,0,0,0,0,0
950,-1,9,0.6957368109577474,0.9604922984882455,56,0.5243163761208013,0.988536569,0,0,0,0,0
951,-1,9,0.48370511099878544,0.9224724581345424,56,0.44824958537311915,0.9857735043813859,0,0,0,0,0
952,-1,9,0.59385526,0.943742256,56,0.6122748764008664,0.9912780100229615,0,0,0,0,0
953,-1,9,0.44678417172797147,0.9143700142924778,56,0.7152049637410288,0.9940324108824232,0,0,0,0,0
954,-1,9,0.650954322,0.9534180958624482,56,0.5147903500910491,0.9882129546024323,0,0,0,0,0
955,-1,9,0.4245847851778384,0.9092068815963491,56,0.472906676,0.9867165637907138,0,0,0,0,0
956,-1,9,0.5349728719610914,0.9328560661246366,56,0.5556438185774083,0.9895615095238038,0,0,0,0,0
957,-1,9,0.4341278029874278,0.9114551201077311,56,0.6718880836152359,0.9929240196446601,0,0,0,0,0
958,-1,9,0.5717419729688167,0.9397714143539063,56,0.3021499949972021,0.9788547678816745,0,0,0,0,0
959,-1,9,0.6061091086628142,0.9458863951178846,56,0.6099183465752654,0.9912097516242939,0,0,0,0,0
960,-1,9,0.8374064789778146,0.9804769053245633,56,0.7037905849109103,0.9937468749640922,0,0,0,0,0
961,-1,9,0.5222346485361142,0.9303615262914902,56,0.5335230891244463,0.9888438937535027,0,0,0,0,0
962,-1,9,0.5390866205274448,0.9336503915994812,56,0.4022784635118833,0.9838705888455177,0,0,0,0,0
963,-1,9,0.3459186733698172,0.8887403325426755,56,0.7630642686371869,0.9951828360065297,0,0,0,0,0
964,-1,9,0.6733582866766318,0.957009492,56,0.5232311830814942,0.9884999957084589,0,0,0,0,0
965,-1,9,0.6520608281955016,0.9535980310734566,56,0.7201714812553732,0.9941552558124613,0,0,0,0,0
966,-1,9,0.6205556046472079,0.948365253,56,0.7559175046955244,0.995015624,0,0,0,0,0
967,-1,9,0.5844768305087215,0.9420745152462736,56,0.6035871427526805,0.9910250734536127,0,0,0,0,0
968,-1,9,0.5931827395465392,0.943623445,56,0.5772441610042219,0.9902356632800826,0,0,0,0,0
969,-1,9,0.6689234511204516,0.9563071,56,0.7029831136645585,0.9937265037849887,0,0,0,0,0
970,-1,9,0.8505691265010372,0.982177446,56,0.7167280689535134,0.9940701731550343,0,0,0,0,0
971,-1,9,0.6706956088715019,0.9565882707361758,56,0.6572376404279242,0.992533201,0,0,0,0,0
972,-1,9,0.7485860778957285,0.9683377450778293,56,0.7765057763240136,0.9954932005673682,0,0,0,0,0
973,-1,9,0.45548180358424073,0.9163309105574678,56,0.8275167687856426,0.9966248887586463,0,0,0,0,0
974,-1,9,0.5382259111974425,0.9334846436711236,56,0.6055375353868837,0.9910821674522812,0,0,0,0,0
975,-1,9,0.8501935697494626,0.9821292516357769,56,0.5801272084149041,0.9903237640692409,0,0,0,0,0
976,-1,9,0.6627193070285585,0.9553175053888776,56,0.39806557671092074,0.9836856423056802,0,0,0,0,0
977,-1,9,0.5484181957917942,0.9354324434720995,56,0.8244861206027948,0.996559593,0,0,0,0,0
978,-1,9,0.8392002515555688,0.9807100431942941,56,0.6360388933042214,0.9919522797572021,0,0,0,0,0
979,-1,9,0.2952941375377183,0.8732516703020924,56,0.8155804658252852,0.9963663464825917,0,0,0,0,0
980,-1,9,0.7216757127844274,0.9644067295873945,56,0.6165301322567304,0.9914006151800693,0,0,0,0,0
981,-1,9,0.5967344136135697,0.9442495513359794,56,0.520952033,0.9884229410901596,0,0,0,0,0
982,-1,9,0.40474698192880737,0.9043858014456923,56,0.5806814347740563,0.9903406509504753,0,0,0,0,0
983,-1,9,0.45464438,0.9161435669250243,56,0.7948044014024594,0.9959073401643599,0,0,0,0,0
984,-1,9,0.5300308181090606,0.9318945917820742,56,0.7259018196579202,0.9942959639287424,0,0,0,0,0
985,-1,9,0.6062525318091572,0.9459112618797121,56,0.6283763348846427,0.991737608,0,0,0,0,0
986,-1,9,0.7064872748943124,0.9621301317378682,56,0.4783213120381833,0.986917181,0,0,0,0,0
987,-1,9,0.6030780720319106,0.9453596456913557,56,0.5868321880008157,0.9905270045546927,0,0,0,0,0
988,-1,9,0.6861617834314662,0.9590144909972593,56,0.4213324638635481,0.9846839828634197,0,0,0,0,0
989,-1,9,0.4699476713925114,0.9195197374326444,56,0.8178508885752598,0.996415809,0,0,0,0,0
990,-1,9,0.7915255545568263,0.9743574872376216,56,0.42786416973957425,0.9849545190826065,0,0,0,0,0
991,-1,9,0.48671282919309494,0.9231080380753651,56,0.7117664087179378,0.9939468677036921,0,0,0,0,0
992,-1,9,0.7231478610111169,0.9646251200953246,56,0.7277915894121986,0.9943421279937564,0,0,0,0,0
993,-1,9,0.3949883658209651,0.9019366479640952,56,0.6281216119208085,0.9917304275677691,0,0,0,0,0
994,-1,9,0.5488412387737747,0.9355125916607577,56,0.6419326162395832,0.9921156752744706,0,0,0,0,0
995,-1,9,0.643245114,0.9521568574778744,56,0.5501533380780722,0.9893860468631759,0,0,0,0,0
996,-1,9,0.5645704929372946,0.938454305,56,0.7125117550380237,0.9939654445732593,0,0,0,0,0
997,-1,9,0.6187376415259341,0.9480561498019491,56,0.4084062957592858,0.9841362338790933,0,0,0,0,0
998,-1,9,0.5054618909021782,0.9269930772377948,56,0.38376587941625184,0.9830432229934527,0,0,0,0,0
999,-1,9,0.5440976776844512,0.9346107318413356,56,0.47369206770039446,0.9867458026914878,0,0,0,0,0
1000,-1,9,0.4462470257179341,0.9142478044419751,56,0.661895722,0.9926583813434401,0,0,0,0,0
